college_team,college_conference,nfl_team,year,overall,draft_round,pick,name,position,height,weight,season_before_draft,receiving_rec,receiving_yds,receiving_td,receiving_ypr,regular_season_games,regular_season_wins,regular_season_losses,postseason_games,postseason_wins,postseason_losses,forty,bench,vertical,broad_jump,cone,shuttle,attended_combine
Georgia Tech,ACC,Denver,2010,22,1,22,Demaryius Thomas,Wide Receiver,75.0,224.0,2009,46.0,1154.0,8.0,25.1,13,11,2,1,0,1,4.52,,,,,,Y
Oklahoma State,Big 12,Dallas,2010,24,1,24,Dez Bryant,Wide Receiver,74.0,225.0,2009,17.0,323.0,4.0,19.0,12,9,3,1,0,1,4.52,,,,,,Y
Illinois,Big Ten,Tampa Bay,2010,39,2,7,Arrelious Benn,Wide Receiver,73.0,219.0,2009,38.0,490.0,2.0,12.9,12,3,9,0,0,0,4.57,20.0,37.0,118.0,,,Y
Notre Dame,FBS Independents,Seattle,2010,60,2,28,Golden Tate,Wide Receiver,70.0,199.0,2009,93.0,1496.0,15.0,16.1,12,6,6,0,0,0,4.42,17.0,35.0,120.0,7.12,4.34,Y
USC,Pac-10,Tennessee,2010,77,3,13,Damian Williams,Wide Receiver,73.0,197.0,2009,70.0,1010.0,6.0,14.4,12,8,4,1,1,0,4.52,19.0,38.0,118.0,6.79,4.24,Y
LSU,SEC,Carolina,2010,78,3,14,Brandon LaFell,Wide Receiver,75.0,211.0,2009,57.0,792.0,11.0,13.9,12,9,3,1,0,1,4.58,,36.0,115.0,6.81,4.23,Y
SMU,Conference USA,Pittsburgh,2010,82,3,18,Emmanuel Sanders,Wide Receiver,71.0,186.0,2009,98.0,1339.0,7.0,13.7,12,7,5,1,1,0,4.4,12.0,39.5,126.0,6.64,4.1,Y
Texas,Big 12,Cincinnati,2010,84,3,20,Jordan Shipley,Wide Receiver,71.0,193.0,2009,116.0,1485.0,13.0,12.8,13,13,0,1,0,1,4.6,16.0,36.5,116.0,,,Y
Minnesota,Big Ten,Denver,2010,87,3,23,Eric Decker,Wide Receiver,75.0,217.0,2009,50.0,758.0,5.0,15.2,12,6,6,1,0,1,4.54,15.0,,,,,Y
Ohio,Mid-American,New England,2010,90,3,26,Taylor Price,Wide Receiver,72.0,204.0,2009,56.0,784.0,5.0,14.0,13,9,4,1,0,1,4.4,16.0,37.0,114.0,6.82,4.34,Y
Cincinnati,Big East,Los Angeles,2010,99,4,1,Mardy Gilyard,Wide Receiver,72.0,187.0,2009,87.0,1191.0,11.0,13.7,12,12,0,1,0,1,4.61,,39.0,116.0,6.92,4.4,Y
Syracuse,Big East,Tampa Bay,2010,101,4,3,Mike Williams,Wide Receiver,74.0,221.0,2009,49.0,746.0,6.0,15.2,12,4,8,0,0,0,4.53,8.0,33.5,116.0,6.9,4.31,Y
UConn,Big East,Buffalo,2010,107,4,9,Marcus Easley,Wide Receiver,75.0,210.0,2009,48.0,893.0,8.0,18.6,12,7,5,1,1,0,4.39,16.0,34.0,123.0,6.94,4.6,Y
Clemson,ACC,Las Vegas,2010,108,4,10,Jacoby Ford,Wide Receiver,69.0,186.0,2009,56.0,779.0,6.0,13.9,13,8,5,1,1,0,4.28,15.0,33.5,115.0,7.0,4.44,Y
Utah,Mountain West,Baltimore,2010,156,5,25,David Reed,Wide Receiver,72.0,191.0,2009,81.0,1188.0,5.0,14.7,12,9,3,1,1,0,4.56,15.0,37.0,114.0,6.95,4.38,Y
Florida,SEC,Philadelphia,2010,159,5,28,Riley Cooper,Wide Receiver,75.0,222.0,2009,51.0,961.0,9.0,18.8,13,12,1,1,1,0,4.53,,33.0,114.0,,,Y
Kansas,Big 12,Atlanta,2010,165,5,34,Kerry Meier,Wide Receiver,74.0,224.0,2009,102.0,985.0,8.0,9.7,12,5,7,0,0,0,4.62,13.0,35.0,115.0,,4.23,Y
South Florida,Big East,Cleveland,2010,177,6,8,Carlton Mitchell,Wide Receiver,75.0,215.0,2009,40.0,706.0,4.0,17.7,12,7,5,1,1,0,4.46,16.0,36.0,122.0,6.96,4.55,Y
Kansas,Big 12,Cincinnati,2010,191,6,22,Dezmon Briscoe,Wide Receiver,74.0,207.0,2009,84.0,1337.0,9.0,15.9,12,5,7,0,0,0,4.66,9.0,33.0,115.0,7.1,4.57,Y
Central Michigan,Mid-American,Pittsburgh,2010,195,6,26,Antonio Brown,Wide Receiver,70.0,186.0,2009,110.0,1198.0,9.0,10.9,13,11,2,1,1,0,4.56,13.0,33.5,105.0,6.98,4.18,Y
Arizona State,Pac-10,San Francisco,2010,206,6,37,Kyle Williams,Wide Receiver,70.0,188.0,2009,57.0,815.0,8.0,14.3,12,4,8,0,0,0,4.4,11.0,33.0,118.0,7.0,4.19,Y
UCLA,Pac-10,Washington,2010,219,7,12,Terrence Austin,Wide Receiver,71.0,176.0,2009,37.0,455.0,4.0,12.3,12,6,6,1,1,0,,,,,,,N
Georgia,SEC,Cincinnati,2011,4,1,4,A.J. Green,Wide Receiver,76.0,211.0,2010,57.0,848.0,9.0,14.9,12,6,6,1,0,1,4.48,18.0,34.5,126.0,6.91,4.21,Y
Alabama,SEC,Atlanta,2011,6,1,6,Julio Jones,Wide Receiver,75.0,220.0,2010,78.0,1133.0,7.0,14.5,12,9,3,1,1,0,4.34,17.0,38.5,135.0,6.66,4.25,Y
Pittsburgh,Big East,Kansas City,2011,26,1,26,Jonathan Baldwin,Wide Receiver,76.0,228.0,2010,53.0,822.0,5.0,15.5,12,7,5,1,1,0,4.49,20.0,42.0,129.0,7.07,4.34,Y
Boise State,Western Athletic,Detroit,2011,44,2,12,Titus Young,Wide Receiver,71.0,174.0,2010,71.0,1215.0,9.0,17.1,12,11,1,1,1,0,4.43,,,123.0,,,Y
Maryland,ACC,Baltimore,2011,58,2,26,Torrey Smith,Wide Receiver,73.0,204.0,2010,67.0,1055.0,12.0,15.7,12,8,4,1,1,0,4.41,19.0,41.0,126.0,6.72,4.13,Y
Kentucky,SEC,Green Bay,2011,64,2,32,Randall Cobb,Wide Receiver,70.0,191.0,2010,84.0,1017.0,7.0,12.1,12,6,6,1,0,1,4.46,16.0,33.5,115.0,7.08,4.34,Y
Boise State,Western Athletic,Los Angeles,2011,78,3,14,Austin Pettis,Wide Receiver,75.0,209.0,2010,71.0,951.0,10.0,13.4,12,11,1,1,1,0,4.56,14.0,33.5,120.0,6.68,3.88,Y
Miami,ACC,Washington,2011,79,3,15,Leonard Hankerson,Wide Receiver,74.0,209.0,2010,72.0,1156.0,13.0,16.1,12,7,5,1,0,1,4.4,14.0,36.0,117.0,6.94,4.21,Y
San Diego State,Mountain West,Los Angeles,2011,82,3,18,Vincent Brown,Wide Receiver,71.0,184.0,2010,69.0,1352.0,10.0,19.6,12,8,4,1,1,0,4.68,12.0,33.5,121.0,6.64,4.25,Y
Troy,Sun Belt,New York,2011,83,3,19,Jerrel Jernigan,Wide Receiver,69.0,185.0,2010,84.0,822.0,6.0,9.8,12,7,5,1,1,0,4.46,11.0,37.5,124.0,7.07,4.25,Y
Georgia,SEC,Seattle,2011,107,4,10,Kris Durham,Wide Receiver,77.0,214.0,2010,32.0,659.0,3.0,20.6,12,6,6,1,0,1,,,,,,,N
Indiana,Big Ten,Baltimore,2011,123,4,26,Tandon Doss,Wide Receiver,74.0,201.0,2010,63.0,706.0,7.0,11.2,12,5,7,0,0,0,4.62,14.0,,,,,Y
Hawai'i,Western Athletic,Carolina,2011,132,5,1,Kealoha Pilares,Wide Receiver,70.0,199.0,2010,88.0,1306.0,15.0,14.8,13,10,3,1,0,1,4.42,19.0,,,,,Y
Tennessee,SEC,Las Vegas,2011,148,5,17,Denarius Moore,Wide Receiver,72.0,194.0,2010,47.0,981.0,9.0,20.9,12,6,6,1,0,1,4.43,13.0,36.0,118.0,6.78,4.15,Y
TCU,Mountain West,New York,2011,153,5,22,Jeremy Kerley,Wide Receiver,70.0,189.0,2010,56.0,575.0,10.0,10.3,12,12,0,1,1,0,4.56,16.0,34.5,120.0,,,Y
Nebraska,Big 12,Washington,2011,155,5,24,Niles Paul,Wide Receiver,73.0,224.0,2010,39.0,516.0,1.0,13.2,13,10,3,1,0,1,4.45,24.0,34.5,117.0,6.9,4.14,Y
Stanford,Pac-10,Cincinnati,2011,167,6,2,Ryan Whalen,Wide Receiver,73.0,202.0,2010,41.0,439.0,2.0,10.7,12,11,1,1,1,0,4.53,18.0,38.5,123.0,6.67,4.09,Y
East Carolina,Conference USA,Dallas,2011,176,6,11,Dwayne Harris,Wide Receiver,70.0,203.0,2010,101.0,1123.0,10.0,11.1,12,6,6,1,0,1,4.53,10.0,34.0,111.0,6.77,4.21,Y
SMU,Conference USA,Washington,2011,178,6,13,Aldrick Robinson,Wide Receiver,70.0,184.0,2010,65.0,1301.0,14.0,20.0,13,7,6,1,0,1,4.35,17.0,40.0,126.0,6.65,4.09,Y
USC,Pac-10,San Francisco,2011,182,6,17,Ronald Johnson,Wide Receiver,71.0,199.0,2010,64.0,692.0,8.0,10.8,13,8,5,0,0,0,4.46,16.0,,,,,Y
Colorado,Big 12,New York,2011,227,7,24,Scotty McKnight,Wide Receiver,70.0,182.0,2010,50.0,621.0,7.0,12.4,12,5,7,0,0,0,,,,,,,N
USC,Pac-10,Las Vegas,2011,241,7,38,David Ausberry,Wide Receiver,75.0,233.0,2010,20.0,252.0,4.0,12.6,13,8,5,0,0,0,,,,,,,N
Oklahoma State,Big 12,Jacksonville,2012,5,1,5,Justin Blackmon,Wide Receiver,73.0,207.0,2011,121.0,1522.0,18.0,12.6,12,11,1,1,1,0,4.46,14.0,,,,,Y
Notre Dame,FBS Independents,Arizona,2012,13,1,13,Michael Floyd,Wide Receiver,75.0,220.0,2011,100.0,1147.0,9.0,11.5,12,8,4,1,0,1,4.4,16.0,36.5,122.0,,,Y
Baylor,Big 12,Tennessee,2012,20,1,20,Kendall Wright,Wide Receiver,70.0,196.0,2011,108.0,1663.0,14.0,15.4,12,9,3,1,1,0,4.49,,38.5,121.0,6.93,4.18,Y
Illinois,Big Ten,San Francisco,2012,30,1,30,A.J. Jenkins,Wide Receiver,72.0,190.0,2011,90.0,1276.0,8.0,14.2,12,6,6,1,1,0,4.37,12.0,38.5,124.0,,,Y
Georgia Tech,ACC,New York,2012,43,2,11,Stephen Hill,Wide Receiver,76.0,215.0,2011,28.0,820.0,5.0,29.3,12,8,4,1,0,1,4.36,14.0,39.5,133.0,6.88,4.48,Y
South Carolina,SEC,Chicago,2012,45,2,13,Alshon Jeffery,Wide Receiver,75.0,216.0,2011,49.0,762.0,8.0,15.6,12,10,2,1,1,0,4.48,,,,,,Y
Oklahoma,Big 12,Detroit,2012,54,2,22,Ryan Broyles,Wide Receiver,71.0,192.0,2011,83.0,1157.0,10.0,13.9,12,9,3,1,1,0,4.57,21.0,,,,,Y
LSU,SEC,New York,2012,63,2,31,Rueben Randle,Wide Receiver,75.0,210.0,2011,53.0,917.0,8.0,17.3,13,13,0,1,0,1,4.55,15.0,31.0,121.0,6.99,4.36,Y
Ohio State,Big Ten,Houston,2012,68,3,5,DeVier Posey,Wide Receiver,74.0,211.0,2011,12.0,162.0,2.0,13.5,12,6,6,1,0,1,4.39,14.0,36.5,123.0,7.03,4.15,Y
Rutgers,Big East,Cincinnati,2012,83,3,20,Mohamed Sanu,Wide Receiver,74.0,211.0,2011,115.0,1206.0,7.0,10.5,12,8,4,1,1,0,4.62,19.0,36.0,126.0,6.88,4.22,Y
Wake Forest,ACC,Los Angeles,2012,96,4,1,Chris Givens,Wide Receiver,71.0,198.0,2011,83.0,1330.0,9.0,16.0,12,6,6,1,0,1,4.35,19.0,33.5,118.0,6.97,4.23,Y
Miami,ACC,Cleveland,2012,100,4,5,Travis Benjamin,Wide Receiver,71.0,172.0,2011,41.0,609.0,3.0,14.9,12,6,6,0,0,0,4.31,14.0,38.0,119.0,,,Y
Arkansas,SEC,Carolina,2012,104,4,9,Joe Adams,Wide Receiver,71.0,179.0,2011,54.0,652.0,3.0,12.1,12,10,2,1,1,0,4.51,,36.0,123.0,7.09,,Y
Fresno State,Western Athletic,Kansas City,2012,107,4,12,Devon Wylie,Wide Receiver,69.0,187.0,2011,56.0,716.0,1.0,12.8,13,4,9,0,0,0,4.36,17.0,39.0,123.0,,,Y
Arkansas,SEC,Minnesota,2012,118,4,23,Jarius Wright,Wide Receiver,70.0,182.0,2011,66.0,1117.0,12.0,16.9,12,10,2,1,1,0,4.39,11.0,38.0,120.0,6.93,4.03,Y
Michigan State,Big Ten,Houston,2012,121,4,26,Keshawn Martin,Wide Receiver,72.0,188.0,2011,66.0,777.0,4.0,11.8,13,10,3,1,1,0,4.42,13.0,39.5,122.0,6.85,4.13,Y
Wisconsin,Big Ten,New Orleans,2012,122,4,27,Nick Toon,Wide Receiver,74.0,215.0,2011,64.0,926.0,10.0,14.5,13,11,2,1,0,1,4.49,18.0,37.5,,,,Y
Arkansas,SEC,Minnesota,2012,134,4,39,Greg Childs,Wide Receiver,75.0,219.0,2011,21.0,240.0,0.0,11.4,12,10,2,1,1,0,4.52,19.0,36.5,125.0,,,Y
Virginia Tech,ACC,Dallas,2012,152,5,17,Danny Coale,Wide Receiver,72.0,201.0,2011,60.0,904.0,3.0,15.1,13,11,2,1,0,1,4.42,12.0,35.0,115.0,6.69,4.15,Y
Arizona,Pac-12,Las Vegas,2012,168,5,33,Juron Criner,Wide Receiver,75.0,224.0,2011,75.0,956.0,11.0,12.7,12,4,8,0,0,0,4.66,17.0,38.0,117.0,7.15,4.3,Y
Michigan State,Big Ten,Miami,2012,183,6,13,B.J. Cunningham,Wide Receiver,73.0,211.0,2011,79.0,1306.0,12.0,16.5,13,10,3,1,1,0,4.52,12.0,31.5,116.0,7.1,,Y
Iowa,Big Ten,Philadelphia,2012,194,6,24,Marvin McNutt,Wide Receiver,75.0,216.0,2011,82.0,1315.0,12.0,16.0,12,7,5,1,0,1,4.48,,37.0,122.0,7.15,4.07,Y
Miami,ACC,Baltimore,2012,198,6,28,Tommy Streeter,Wide Receiver,77.0,219.0,2011,46.0,811.0,8.0,17.6,12,6,6,0,0,0,4.37,17.0,33.0,125.0,7.08,,Y
Ohio,Mid-American,Indianapolis,2012,206,6,36,LaVon Brazill,Wide Receiver,71.0,192.0,2011,72.0,1150.0,11.0,16.0,13,9,4,1,1,0,4.43,11.0,32.5,,,,Y
Nevada,Western Athletic,Miami,2012,227,7,20,Rishard Matthews,Wide Receiver,72.0,217.0,2011,91.0,1364.0,8.0,15.0,12,7,5,1,0,1,4.54,20.0,36.0,,6.88,4.19,Y
Colorado,Pac-12,Pittsburgh,2012,231,7,24,Toney Clemons,Wide Receiver,74.0,210.0,2011,43.0,680.0,8.0,15.8,13,3,10,0,0,0,,,,,,,N
Northwestern,Big Ten,New England,2012,235,7,28,Jeremy Ebert,Wide Receiver,70.0,194.0,2011,75.0,1060.0,11.0,14.1,12,6,6,1,0,1,,,,,,,N
Michigan,Big Ten,Kansas City,2012,238,7,31,Junior Hemingway,Wide Receiver,73.0,225.0,2011,33.0,662.0,4.0,20.1,12,10,2,1,1,0,4.48,21.0,35.5,124.0,6.59,3.98,Y
Western Michigan,Mid-American,New York,2012,244,7,37,Jordan White,Wide Receiver,72.0,208.0,2011,128.0,1792.0,17.0,14.0,12,7,5,1,0,1,4.63,14.0,35.0,119.0,6.84,4.13,Y
West Virginia,Big 12,Los Angeles,2013,8,1,8,Tavon Austin,Wide Receiver,69.0,174.0,2012,114.0,1289.0,12.0,11.3,12,7,5,1,0,1,4.34,14.0,32.0,120.0,,4.01,Y
Clemson,ACC,Houston,2013,27,1,27,DeAndre Hopkins,Wide Receiver,73.0,214.0,2012,82.0,1405.0,18.0,17.1,12,10,2,1,1,0,4.57,15.0,36.0,115.0,,4.5,Y
Tennessee,SEC,Minnesota,2013,29,1,29,Cordarrelle Patterson,Wide Receiver,74.0,216.0,2012,46.0,778.0,5.0,16.9,12,5,7,0,0,0,4.42,,37.0,128.0,,,Y
Tennessee,SEC,Tennessee,2013,34,2,2,Justin Hunter,Wide Receiver,76.0,196.0,2012,73.0,1083.0,9.0,14.8,12,5,7,0,0,0,4.44,,39.5,136.0,,4.33,Y
USC,Pac-12,Buffalo,2013,41,2,9,Robert Woods,Wide Receiver,72.0,201.0,2012,76.0,846.0,11.0,11.1,12,7,5,1,0,1,4.51,14.0,33.5,117.0,7.15,4.47,Y
Marshall,Conference USA,New England,2013,59,2,27,Aaron Dobson,Wide Receiver,75.0,210.0,2012,57.0,679.0,3.0,11.9,12,5,7,0,0,0,4.37,,,,,,Y
Baylor,Big 12,Dallas,2013,74,3,12,Terrance Williams,Wide Receiver,74.0,208.0,2012,97.0,1832.0,12.0,18.9,12,7,5,1,1,0,4.52,11.0,32.5,119.0,7.01,4.32,Y
California,Pac-12,Los Angeles,2013,76,3,14,Keenan Allen,Wide Receiver,74.0,206.0,2012,61.0,737.0,6.0,12.1,12,3,9,0,0,0,4.58,,,,,,Y
Texas,Big 12,Buffalo,2013,78,3,16,Marquise Goodwin,Wide Receiver,69.0,183.0,2012,26.0,340.0,3.0,13.1,12,8,4,1,1,0,4.27,13.0,,132.0,,,Y
Oregon State,Pac-12,Pittsburgh,2013,79,3,17,Markus Wheaton,Wide Receiver,71.0,189.0,2012,91.0,1244.0,11.0,13.7,12,9,3,1,0,1,4.45,20.0,37.0,120.0,6.8,4.02,Y
West Virginia,Big 12,Los Angeles,2013,92,3,30,Stedman Bailey,Wide Receiver,70.0,193.0,2012,114.0,1622.0,25.0,14.2,12,7,5,1,0,1,4.52,11.0,34.5,117.0,6.81,4.09,Y
South Carolina,SEC,Jacksonville,2013,101,4,4,Ace Sanders,Wide Receiver,67.0,173.0,2012,45.0,531.0,9.0,11.8,12,10,2,1,1,0,4.58,7.0,32.0,117.0,6.81,4.37,Y
TCU,Big 12,New England,2013,102,4,5,Josh Boyce,Wide Receiver,71.0,206.0,2012,66.0,891.0,7.0,13.5,12,7,5,1,0,1,4.38,22.0,34.0,131.0,6.68,4.1,Y
Kansas State,Big 12,Seattle,2013,123,4,26,Chris Harper,Wide Receiver,73.0,229.0,2012,58.0,857.0,3.0,14.8,12,11,1,1,0,1,4.55,20.0,35.5,116.0,6.89,4.39,Y
Louisiana Tech,Western Athletic,San Francisco,2013,128,4,31,Quinton Patton,Wide Receiver,72.0,204.0,2012,104.0,1392.0,13.0,13.4,12,9,3,0,0,0,4.53,8.0,33.0,118.0,6.91,4.01,Y
Michigan,Big Ten,Jacksonville,2013,135,5,2,Denard Robinson,Wide Receiver,71.0,199.0,2012,3.0,31.0,0.0,10.3,12,8,4,1,0,1,4.43,,36.5,123.0,7.09,4.22,Y
Oklahoma,Big 12,New Orleans,2013,144,5,11,Kenny Stills,Wide Receiver,73.0,194.0,2012,82.0,959.0,11.0,11.7,12,10,2,1,0,1,4.38,16.0,33.5,124.0,,4.35,Y
Georgia,SEC,Denver,2013,161,5,28,Tavarres King,Wide Receiver,72.0,189.0,2012,42.0,950.0,9.0,22.6,13,11,2,1,1,0,4.47,11.0,36.5,123.0,6.91,4.33,Y
Virginia Tech,ACC,Detroit,2013,171,6,3,Corey Fuller,Wide Receiver,74.0,204.0,2012,43.0,815.0,6.0,19.0,12,6,6,1,1,0,4.43,12.0,31.5,120.0,,,Y
Texas A&M,SEC,Arizona,2013,174,6,6,Ryan Swope,Wide Receiver,72.0,205.0,2012,72.0,913.0,8.0,12.7,12,10,2,1,1,0,4.34,16.0,37.0,125.0,6.76,4.25,Y
Arkansas,SEC,Cincinnati,2013,197,6,29,Cobi Hamilton,Wide Receiver,74.0,212.0,2012,90.0,1335.0,5.0,14.8,12,4,8,0,0,0,4.56,11.0,29.5,107.0,,4.31,Y
San Diego State,Mountain West,Las Vegas,2013,209,7,3,Brice Butler,Wide Receiver,75.0,199.0,2012,24.0,347.0,4.0,14.5,12,9,3,1,0,1,,,,,,,N
Maryland,ACC,Green Bay,2013,224,7,18,Kevin Dorsey,Wide Receiver,73.0,211.0,2012,18.0,311.0,4.0,17.3,12,4,8,0,0,0,,,,,,,N
Washington State,Pac-12,Chicago,2013,236,7,30,Marquess Wilson,Wide Receiver,75.0,194.0,2012,52.0,813.0,5.0,15.6,12,3,9,0,0,0,4.51,7.0,34.5,122.0,6.65,4.33,Y
Clemson,ACC,Buffalo,2014,4,1,4,Sammy Watkins,Wide Receiver,73.0,211.0,2013,101.0,1464.0,12.0,14.5,12,10,2,1,1,0,4.43,16.0,34.0,126.0,6.95,4.34,Y
Texas A&M,SEC,Tampa Bay,2014,7,1,7,Mike Evans,Wide Receiver,77.0,231.0,2013,69.0,1394.0,12.0,20.2,12,8,4,1,1,0,4.53,12.0,37.0,,7.08,4.26,Y
LSU,SEC,New York,2014,12,1,12,Odell Beckham Jr.,Wide Receiver,71.0,198.0,2013,59.0,1152.0,8.0,19.5,12,9,3,1,1,0,4.38,7.0,38.5,122.0,6.69,3.94,Y
Oregon State,Pac-12,New Orleans,2014,20,1,20,Brandin Cooks,Wide Receiver,70.0,189.0,2013,128.0,1730.0,16.0,13.5,12,6,6,1,1,0,4.33,16.0,36.0,120.0,6.76,3.81,Y
Florida State,ACC,Carolina,2014,28,1,28,Kelvin Benjamin,Wide Receiver,77.0,240.0,2013,54.0,1011.0,15.0,18.7,13,13,0,1,1,0,4.61,13.0,32.5,119.0,7.33,4.39,Y
USC,Pac-12,Jacksonville,2014,39,2,7,Marqise Lee,Wide Receiver,72.0,192.0,2013,57.0,791.0,4.0,13.9,13,9,4,1,1,0,4.52,,38.0,127.0,,4.01,Y
Vanderbilt,SEC,Philadelphia,2014,42,2,10,Jordan Matthews,Wide Receiver,75.0,212.0,2013,112.0,1477.0,7.0,13.2,12,8,4,1,1,0,4.46,21.0,35.5,120.0,6.95,4.18,Y
Colorado,Pac-12,Seattle,2014,45,2,13,Paul Richardson,Wide Receiver,72.0,175.0,2013,83.0,1343.0,10.0,16.2,12,4,8,0,0,0,4.4,,38.0,124.0,7.09,,Y
Fresno State,Mountain West,Green Bay,2014,53,2,21,Davante Adams,Wide Receiver,73.0,212.0,2013,131.0,1718.0,24.0,13.1,12,11,1,1,0,1,4.56,14.0,39.5,123.0,6.82,4.3,Y
Indiana,Big Ten,Denver,2014,56,2,24,Cody Latimer,Wide Receiver,75.0,215.0,2013,72.0,1096.0,9.0,15.2,12,5,7,0,0,0,4.52,23.0,,,,,Y
Penn State,Big Ten,Jacksonville,2014,61,2,29,Allen Robinson,Wide Receiver,75.0,220.0,2013,97.0,1432.0,6.0,14.8,12,7,5,0,0,0,4.6,,39.0,127.0,7.0,4.0,Y
LSU,SEC,Miami,2014,63,2,31,Jarvis Landry,Wide Receiver,72.0,205.0,2013,77.0,1193.0,10.0,15.5,12,9,3,1,1,0,4.65,12.0,28.5,110.0,,,Y
Oregon,Pac-12,Philadelphia,2014,86,3,22,Josh Huff,Wide Receiver,71.0,206.0,2013,62.0,1140.0,12.0,18.4,12,10,2,1,1,0,4.51,14.0,35.5,116.0,,,Y
Ole Miss,SEC,Indianapolis,2014,90,3,26,Donte Moncrief,Wide Receiver,74.0,221.0,2013,59.0,938.0,6.0,15.9,12,7,5,1,1,0,4.4,13.0,39.5,132.0,7.02,4.3,Y
Oklahoma,Big 12,New York,2014,104,4,4,Jalen Saunders,Wide Receiver,69.0,165.0,2013,61.0,729.0,8.0,12.0,12,10,2,1,1,0,4.44,,34.0,122.0,,,Y
South Carolina,SEC,San Francisco,2014,106,4,6,Bruce Ellington,Wide Receiver,69.0,197.0,2013,49.0,775.0,8.0,15.8,12,10,2,1,1,0,4.45,15.0,39.5,120.0,6.69,3.95,Y
Clemson,ACC,Pittsburgh,2014,118,4,18,Martavis Bryant,Wide Receiver,76.0,211.0,2013,42.0,828.0,7.0,19.7,12,10,2,1,1,0,4.42,16.0,39.0,124.0,7.18,4.15,Y
Alabama,SEC,Seattle,2014,123,4,23,Kevin Norwood,Wide Receiver,74.0,198.0,2013,38.0,568.0,7.0,14.9,12,11,1,1,0,1,4.48,8.0,33.0,121.0,6.68,4.32,Y
Tulane,Conference USA,Washington,2014,142,5,2,Ryan Grant,Wide Receiver,72.0,199.0,2013,77.0,1039.0,9.0,13.5,12,7,5,1,0,1,4.64,8.0,35.5,119.0,6.68,4.11,Y
Pittsburgh,ACC,Dallas,2014,146,5,6,Devin Street,Wide Receiver,75.0,189.0,2013,51.0,854.0,7.0,16.7,12,6,6,1,1,0,4.55,,37.0,124.0,6.89,4.01,Y
Wisconsin,Big Ten,Green Bay,2014,176,5,36,Jared Abbrederis,Wide Receiver,73.0,195.0,2013,78.0,1081.0,7.0,13.9,12,9,3,1,0,1,4.5,4.0,30.5,117.0,6.8,4.08,Y
Wyoming,Mountain West,Tampa Bay,2014,185,6,9,Robert Herron,Wide Receiver,69.0,193.0,2013,72.0,937.0,9.0,13.0,12,5,7,0,0,0,4.48,18.0,35.5,125.0,6.84,4.27,Y
Notre Dame,FBS Independents,Detroit,2014,189,6,13,TJ Jones,Wide Receiver,72.0,188.0,2013,70.0,1108.0,9.0,15.8,12,8,4,1,1,0,4.46,,33.0,119.0,6.82,4.27,Y
Coastal Carolina,Big South,Miami,2014,190,6,14,Matt Hazel,Wide Receiver,73.0,198.0,2013,6.0,83.0,0.0,13.8,13,11,2,0,0,0,4.5,15.0,36.5,118.0,7.08,4.2,Y
Nebraska,Big Ten,New York,2014,209,6,33,Quincy Enunwa,Wide Receiver,74.0,225.0,2013,51.0,753.0,12.0,14.8,12,8,4,1,1,0,4.41,19.0,,,,,Y
Wake Forest,ACC,Baltimore,2014,218,7,3,Michael Campanaro,Wide Receiver,69.0,192.0,2013,67.0,803.0,6.0,12.0,12,4,8,0,0,0,4.46,20.0,39.0,122.0,6.77,4.01,Y
Baylor,Big 12,Los Angeles,2014,240,7,25,Tevin Reese,Wide Receiver,71.0,163.0,2013,38.0,867.0,8.0,22.8,12,11,1,1,0,1,4.46,,41.0,132.0,6.63,4.18,Y
Michigan,Big Ten,New England,2014,244,7,29,Jeremy Gallon,Wide Receiver,68.0,185.0,2013,89.0,1373.0,9.0,15.4,12,7,5,1,0,1,4.49,15.0,,,,,Y
Alabama,SEC,Las Vegas,2015,4,1,4,Amari Cooper,Wide Receiver,73.0,211.0,2014,124.0,1727.0,16.0,13.9,13,12,1,1,0,1,4.42,,33.0,120.0,6.71,3.98,Y
West Virginia,Big 12,Chicago,2015,7,1,7,Kevin White,Wide Receiver,75.0,215.0,2014,109.0,1447.0,10.0,13.3,12,7,5,1,0,1,4.35,23.0,36.5,123.0,6.92,4.14,Y
Louisville,ACC,Miami,2015,14,1,14,DeVante Parker,Wide Receiver,75.0,209.0,2014,43.0,855.0,5.0,19.9,12,9,3,1,0,1,4.45,17.0,36.5,125.0,,,Y
USC,Pac-12,Philadelphia,2015,20,1,20,Nelson Agholor,Wide Receiver,72.0,198.0,2014,104.0,1313.0,12.0,12.6,12,8,4,1,1,0,4.42,12.0,,,,,Y
UCF,American Athletic,Baltimore,2015,26,1,26,Breshad Perriman,Wide Receiver,74.0,212.0,2014,50.0,1044.0,9.0,20.9,12,9,3,1,0,1,,,,,,,Y
Miami,ACC,Indianapolis,2015,29,1,29,Phillip Dorsett,Wide Receiver,70.0,185.0,2014,36.0,871.0,10.0,24.2,12,6,6,1,0,1,4.33,13.0,37.0,122.0,6.7,4.11,Y
Ohio State,Big Ten,New York,2015,37,2,5,Devin Smith,Wide Receiver,72.0,196.0,2014,33.0,931.0,12.0,28.2,13,12,1,2,2,0,4.42,10.0,39.0,122.0,,4.15,Y
Michigan,Big Ten,Carolina,2015,41,2,9,Devin Funchess,Wide Receiver,76.0,232.0,2014,62.0,733.0,4.0,11.8,12,5,7,0,0,0,4.7,17.0,38.5,122.0,,,Y
Kansas State,Big 12,Seattle,2015,69,3,5,Tyler Lockett,Wide Receiver,70.0,182.0,2014,106.0,1515.0,11.0,14.3,12,9,3,1,0,1,4.4,,35.5,121.0,6.89,4.07,Y
Arizona State,Pac-12,Houston,2015,70,3,6,Jaelen Strong,Wide Receiver,74.0,217.0,2014,82.0,1165.0,10.0,14.2,12,9,3,1,1,0,4.44,,42.0,123.0,,,Y
Georgia,SEC,Kansas City,2015,76,3,12,Chris Conley,Wide Receiver,74.0,211.0,2014,36.0,657.0,8.0,18.3,12,9,3,1,1,0,4.35,18.0,45.0,139.0,7.06,4.3,Y
Auburn,SEC,Pittsburgh,2015,87,3,23,Sammie Coates,Wide Receiver,73.0,212.0,2014,34.0,741.0,4.0,21.8,12,8,4,1,0,1,4.43,23.0,41.0,131.0,6.98,4.06,Y
Stanford,Pac-12,Green Bay,2015,94,3,30,Ty Montgomery,Wide Receiver,72.0,221.0,2014,61.0,604.0,3.0,9.9,12,7,5,1,1,0,4.55,,40.5,121.0,6.97,4.21,Y
Duke,ACC,Washington,2015,105,4,6,Jamison Crowder,Wide Receiver,68.0,185.0,2014,85.0,1044.0,6.0,12.3,12,9,3,1,0,1,4.56,10.0,37.0,115.0,7.17,4.32,Y
East Carolina,American Athletic,Atlanta,2015,107,4,8,Justin Hardy,Wide Receiver,70.0,192.0,2014,121.0,1494.0,10.0,12.3,12,8,4,1,0,1,4.56,11.0,36.5,114.0,6.63,4.21,Y
Washington State,Pac-12,Cleveland,2015,123,4,24,Vince Mayle,Wide Receiver,74.0,224.0,2014,106.0,1483.0,9.0,14.0,12,3,9,0,0,0,4.67,,35.5,117.0,6.93,4.13,Y
Georgia Tech,ACC,San Francisco,2015,132,4,33,DeAndre Smelter,Wide Receiver,74.0,226.0,2014,35.0,715.0,7.0,20.4,13,10,3,1,1,0,4.52,,,,,,Y
Maryland,Big Ten,Minnesota,2015,146,5,10,Stefon Diggs,Wide Receiver,72.0,195.0,2014,62.0,792.0,5.0,12.8,12,7,5,1,0,1,4.46,,35.0,115.0,7.03,4.32,Y
Michigan State,Big Ten,Miami,2015,156,5,20,Tony Lippett,Wide Receiver,75.0,192.0,2014,65.0,1198.0,11.0,18.4,12,10,2,1,1,0,4.61,10.0,36.0,114.0,6.92,4.13,Y
UAB,Conference USA,Arizona,2015,159,5,23,J.J. Nelson,Wide Receiver,,156.0,2014,35.0,655.0,4.0,18.7,12,6,6,0,0,0,4.28,,36.0,127.0,7.02,4.15,Y
Nebraska,Big Ten,Tampa Bay,2015,162,5,26,Kenny Bell,Wide Receiver,73.0,197.0,2014,47.0,788.0,6.0,16.8,12,9,3,1,0,1,4.42,7.0,41.5,129.0,6.66,4.15,Y
Michigan State,Big Ten,Houston,2015,175,5,39,Keith Mumphery,Wide Receiver,72.0,215.0,2014,26.0,495.0,3.0,19.0,12,10,2,1,1,0,4.54,,32.5,121.0,7.07,4.25,Y
Utah,Pac-12,Tampa Bay,2015,184,6,8,Kaelin Clay,Wide Receiver,70.0,195.0,2014,43.0,523.0,4.0,12.2,12,8,4,1,1,0,4.51,10.0,33.0,113.0,6.97,4.26,Y
UConn,American Athletic,New York,2015,186,6,10,Geremy Davis,Wide Receiver,74.0,216.0,2014,44.0,521.0,3.0,11.8,12,2,10,0,0,0,4.49,23.0,36.5,124.0,6.86,4.18,Y
Ohio State,Big Ten,Washington,2015,187,6,11,Evan Spencer,Wide Receiver,73.0,208.0,2014,15.0,149.0,3.0,9.9,13,12,1,2,2,0,,,,,,,N
Missouri,SEC,Los Angeles,2015,201,6,25,Bud Sasser,Wide Receiver,75.0,219.0,2014,77.0,1003.0,12.0,13.0,13,10,3,1,1,0,,,,,,,N
Georgia Tech,ACC,Baltimore,2015,204,6,28,Darren Waller,Wide Receiver,78.0,238.0,2014,26.0,442.0,6.0,17.0,13,10,3,1,1,0,4.46,12.0,37.0,125.0,7.07,4.25,Y
Florida,SEC,Las Vegas,2015,221,7,4,Andre Debose,Wide Receiver,72.0,190.0,2014,1.0,-3.0,0.0,-3.0,11,6,5,1,1,0,,,,,,,N
Northern Illinois,Mid-American,Kansas City,2015,233,7,16,Da'Ron Brown,Wide Receiver,72.0,205.0,2014,68.0,1065.0,6.0,15.7,13,11,2,1,0,1,4.54,17.0,37.0,120.0,7.04,4.11,Y
West Virginia,Big 12,Cincinnati,2015,238,7,21,Mario Alford,Wide Receiver,69.0,180.0,2014,65.0,945.0,11.0,14.5,12,7,5,1,0,1,4.43,13.0,34.0,121.0,6.64,4.07,Y
Baylor,Big 12,Cleveland,2016,15,1,15,Corey Coleman,Wide Receiver,71.0,194.0,2015,74.0,1363.0,20.0,18.4,12,9,3,1,1,0,4.42,17.0,40.5,129.0,,,Y
TCU,Big 12,Washington,2016,22,1,22,Josh Doctson,Wide Receiver,74.0,202.0,2015,79.0,1327.0,14.0,16.8,12,10,2,1,1,0,4.5,14.0,41.0,131.0,6.84,4.08,Y
Ole Miss,SEC,Minnesota,2016,23,1,23,Laquon Treadwell,Wide Receiver,74.0,221.0,2015,82.0,1153.0,11.0,14.1,12,9,3,1,1,0,4.52,12.0,33.0,117.0,,,Y
Oklahoma,Big 12,New York,2016,40,2,9,Sterling Shepard,Wide Receiver,70.0,194.0,2015,86.0,1288.0,11.0,15.0,12,11,1,1,0,1,4.48,20.0,41.0,123.0,7.0,4.35,Y
Ohio State,Big Ten,New Orleans,2016,47,2,16,Michael Thomas,Wide Receiver,75.0,212.0,2015,56.0,781.0,9.0,13.9,12,11,1,1,1,0,4.57,18.0,35.0,126.0,6.8,4.13,Y
Pittsburgh,ACC,Cincinnati,2016,55,2,24,Tyler Boyd,Wide Receiver,74.0,197.0,2015,91.0,926.0,6.0,10.2,12,8,4,1,0,1,4.58,11.0,34.0,119.0,6.9,4.35,Y
Ohio State,Big Ten,Houston,2016,85,3,22,Braxton Miller,Wide Receiver,73.0,201.0,2015,26.0,341.0,3.0,13.1,12,11,1,1,1,0,4.5,17.0,35.0,123.0,6.65,4.07,Y
Rutgers,Big Ten,Miami,2016,86,3,23,Leonte Carroo,Wide Receiver,72.0,211.0,2015,39.0,809.0,10.0,20.7,12,4,8,0,0,0,4.5,14.0,35.5,120.0,,,Y
Cincinnati,American Athletic,Baltimore,2016,107,4,9,Chris Moore,Wide Receiver,73.0,206.0,2015,40.0,870.0,7.0,21.8,12,7,5,1,0,1,4.53,10.0,37.0,130.0,6.76,4.2,Y
Georgia,SEC,New England,2016,112,4,14,Malcolm Mitchell,Wide Receiver,72.0,198.0,2015,58.0,865.0,5.0,14.9,12,9,3,1,1,0,4.45,15.0,36.0,129.0,6.94,4.34,Y
Auburn,SEC,Cleveland,2016,114,4,16,Ricardo Louis,Wide Receiver,74.0,215.0,2015,46.0,716.0,3.0,15.6,12,6,6,1,1,0,4.43,18.0,38.0,132.0,,,Y
South Carolina,SEC,Los Angeles,2016,117,4,19,Pharoh Cooper,Wide Receiver,71.0,203.0,2015,66.0,973.0,8.0,14.7,12,3,9,0,0,0,4.52,15.0,31.0,115.0,,,Y
Florida,SEC,Kansas City,2016,126,4,28,Demarcus Robinson,Wide Receiver,73.0,203.0,2015,48.0,522.0,2.0,10.9,13,10,3,1,0,1,4.59,,34.5,123.0,6.77,4.19,Y
Massachusetts,Mid-American,Tennessee,2016,140,5,1,Tajae Sharpe,Wide Receiver,74.0,194.0,2015,111.0,1319.0,5.0,11.9,12,3,9,0,0,0,4.55,11.0,33.5,114.0,,,Y
UCLA,Pac-12,Cleveland,2016,154,5,15,Jordan Payton,Wide Receiver,73.0,207.0,2015,78.0,1106.0,5.0,14.2,12,8,4,1,0,1,4.47,,34.5,121.0,7.08,4.33,Y
California,Pac-12,Green Bay,2016,163,5,24,Trevor Davis,Wide Receiver,73.0,188.0,2015,40.0,672.0,2.0,16.8,12,7,5,1,1,0,4.42,11.0,38.5,124.0,6.6,4.22,Y
Colorado State,Mountain West,Cleveland,2016,172,5,33,Rashard Higgins,Wide Receiver,73.0,196.0,2015,75.0,1062.0,8.0,14.2,12,7,5,1,0,1,4.64,13.0,32.0,116.0,,,Y
Navy,American Athletic,Baltimore,2016,182,6,7,Keenan Reynolds,Wide Receiver,70.0,190.0,2015,1.0,47.0,0.0,47.0,12,10,2,1,1,0,,,,,,,N
Texas Tech,Big 12,Miami,2016,186,6,11,Jakeem Grant,Wide Receiver,66.0,165.0,2015,90.0,1268.0,10.0,14.1,12,7,5,1,0,1,,,,,,,N
TCU,Big 12,Buffalo,2016,192,6,17,Kolby Listenbee,Wide Receiver,72.0,197.0,2015,30.0,597.0,5.0,19.9,12,10,2,1,1,0,4.39,15.0,35.5,129.0,,,Y
Ole Miss,SEC,Cincinnati,2016,199,6,24,Cody Core,Wide Receiver,75.0,205.0,2015,37.0,644.0,4.0,17.4,12,9,3,1,1,0,4.47,14.0,31.5,119.0,,,Y
Southern Miss,Conference USA,Los Angeles,2016,206,6,31,Michael Thomas,Wide Receiver,73.0,193.0,2015,71.0,1391.0,14.0,19.6,13,9,4,1,0,1,,,,,,,N
Michigan State,Big Ten,San Francisco,2016,213,6,38,Aaron Burbridge,Wide Receiver,72.0,206.0,2015,85.0,1258.0,7.0,14.8,13,12,1,1,0,1,4.56,20.0,30.5,115.0,7.22,4.31,Y
Arizona State,Pac-12,New England,2016,225,7,4,Devin Lucien,Wide Receiver,73.0,201.0,2015,66.0,1074.0,8.0,16.3,12,6,6,1,0,1,,,,,,,N
Houston,American Athletic,Pittsburgh,2016,229,7,8,Demarcus Ayers,Wide Receiver,69.0,182.0,2015,98.0,1222.0,6.0,12.5,13,12,1,1,1,0,4.72,,33.0,123.0,,,Y
Western Michigan,Mid-American,Chicago,2016,230,7,9,Daniel Braverman,Wide Receiver,70.0,180.0,2015,108.0,1367.0,13.0,12.7,12,7,5,1,1,0,,,,,,,N
UCLA,Pac-12,Miami,2016,231,7,10,Thomas Duarte,Wide Receiver,74.0,231.0,2015,53.0,872.0,10.0,16.5,12,8,4,1,0,1,4.72,12.0,33.5,118.0,6.97,4.24,Y
Clemson,ACC,New York,2016,241,7,20,Charone Peake,Wide Receiver,74.0,209.0,2015,50.0,716.0,5.0,14.3,13,13,0,2,1,1,4.45,12.0,35.5,122.0,6.96,4.46,Y
California,Pac-12,Seattle,2016,243,7,22,Kenny Lawler,Wide Receiver,75.0,203.0,2015,52.0,658.0,13.0,12.7,12,7,5,1,1,0,4.64,,31.0,111.0,7.13,4.2,Y
Western Michigan,Mid-American,Tennessee,2017,5,1,5,Corey Davis,Wide Receiver,75.0,209.0,2016,97.0,1500.0,19.0,15.5,13,13,0,1,0,1,,,,,,,Y
Clemson,ACC,Los Angeles,2017,7,1,7,Mike Williams,Wide Receiver,76.0,218.0,2016,98.0,1361.0,11.0,13.9,13,12,1,2,2,0,,15.0,32.5,121.0,,,Y
Washington,Pac-12,Cincinnati,2017,9,1,9,John Ross,Wide Receiver,71.0,188.0,2016,81.0,1150.0,17.0,14.2,13,12,1,1,0,1,4.22,,37.0,133.0,,,Y
Ohio State,Big Ten,Carolina,2017,40,2,8,Curtis Samuel,Wide Receiver,71.0,196.0,2016,74.0,865.0,7.0,11.7,12,11,1,1,0,1,4.31,18.0,37.0,119.0,7.09,4.33,Y
USC,Pac-12,Pittsburgh,2017,62,2,30,JuJu Smith-Schuster,Wide Receiver,73.0,215.0,2016,70.0,914.0,10.0,13.1,12,9,3,1,1,0,4.54,15.0,32.5,120.0,,,Y
Eastern Washington,Big Sky,Los Angeles,2017,69,3,5,Cooper Kupp,Wide Receiver,74.0,204.0,2016,12.0,206.0,3.0,17.2,13,12,1,1,0,1,4.62,,31.0,116.0,6.75,4.08,Y
Western Kentucky,Conference USA,Tennessee,2017,72,3,8,Taywan Taylor,Wide Receiver,71.0,203.0,2016,98.0,1730.0,17.0,17.7,13,10,3,1,1,0,4.5,13.0,33.5,132.0,6.57,4.21,Y
Alabama,SEC,New York,2017,79,3,15,ArDarius Stewart,Wide Receiver,71.0,204.0,2016,54.0,864.0,8.0,16.0,13,13,0,2,1,1,4.49,,34.0,124.0,,,Y
Louisiana Tech,Conference USA,Denver,2017,82,3,18,Carlos Henderson,Wide Receiver,71.0,199.0,2016,82.0,1535.0,19.0,18.7,13,8,5,1,1,0,4.46,13.0,36.0,131.0,7.18,4.35,Y
Penn State,Big Ten,Tampa Bay,2017,84,3,20,Chris Godwin,Wide Receiver,73.0,209.0,2016,59.0,982.0,11.0,16.6,13,11,2,1,0,1,4.42,19.0,36.0,126.0,7.01,4.0,Y
Northern Illinois,Mid-American,Detroit,2017,96,3,32,Kenny Golladay,Wide Receiver,76.0,218.0,2016,88.0,1164.0,8.0,13.2,12,5,7,0,0,0,4.5,18.0,35.5,120.0,7.0,4.15,Y
Grambling,SWAC,Arizona,2017,98,3,34,Chad Williams,Wide Receiver,73.0,207.0,2016,13.0,152.0,0.0,11.7,12,11,1,1,1,0,,,,,,,N
Michigan,Big Ten,Seattle,2017,106,3,42,Amara Darboh,Wide Receiver,74.0,214.0,2016,57.0,862.0,7.0,15.1,12,10,2,1,0,1,4.45,17.0,36.0,124.0,,,Y
Oklahoma,Big 12,Jacksonville,2017,110,4,3,Dede Westbrook,Wide Receiver,72.0,178.0,2016,80.0,1524.0,17.0,19.1,12,10,2,1,1,0,,,,,,,Y
Texas A&M,SEC,Los Angeles,2017,117,4,10,Josh Reynolds,Wide Receiver,75.0,194.0,2016,61.0,1039.0,12.0,17.0,12,8,4,1,0,1,4.52,,37.0,124.0,6.83,4.13,Y
North Carolina,ACC,Philadelphia,2017,118,4,12,Mack Hollins,Wide Receiver,76.0,221.0,2016,16.0,309.0,4.0,19.3,12,8,4,1,0,1,4.53,,,,,,Y
Tennessee,SEC,Cincinnati,2017,128,4,22,Josh Malone,Wide Receiver,75.0,208.0,2016,50.0,972.0,11.0,19.4,12,8,4,1,1,0,4.4,10.0,30.5,121.0,7.05,4.19,Y
North Carolina,ACC,Dallas,2017,133,4,27,Ryan Switzer,Wide Receiver,69.0,181.0,2016,96.0,1112.0,6.0,11.6,12,8,4,1,0,1,4.51,11.0,32.0,116.0,6.77,4.0,Y
Michigan,Big Ten,Kansas City,2017,139,4,33,Jehu Chesson,Wide Receiver,75.0,204.0,2016,35.0,500.0,2.0,14.3,12,10,2,1,0,1,4.47,10.0,35.5,132.0,6.7,4.09,Y
California,Pac-12,New York,2017,141,4,35,Chad Hansen,Wide Receiver,74.0,202.0,2016,92.0,1249.0,11.0,13.6,12,5,7,0,0,0,4.53,11.0,35.0,119.0,6.74,4.13,Y
West Virginia,Big 12,Philadelphia,2017,166,5,22,Shelton Gibson,Wide Receiver,71.0,191.0,2016,43.0,951.0,8.0,22.1,12,10,2,1,0,1,4.5,8.0,32.0,118.0,6.83,4.2,Y
South Florida,American Athletic,Minnesota,2017,170,5,27,Rodney Adams,Wide Receiver,73.0,189.0,2016,67.0,822.0,5.0,12.3,12,10,2,1,1,0,4.44,8.0,29.5,125.0,6.98,4.28,Y
Georgia,SEC,Denver,2017,172,5,29,Isaiah McKenzie,Wide Receiver,68.0,173.0,2016,44.0,633.0,7.0,14.4,12,7,5,1,1,0,4.42,11.0,36.0,123.0,6.64,4.15,Y
Louisiana Tech,Conference USA,San Francisco,2017,177,5,34,Trent Taylor,Wide Receiver,68.0,181.0,2016,136.0,1803.0,12.0,13.3,13,8,5,1,1,0,4.63,13.0,33.0,117.0,6.74,4.01,Y
Georgia State,Sun Belt,Washington,2017,209,6,25,Robert Davis,Wide Receiver,75.0,219.0,2016,67.0,968.0,5.0,14.4,12,3,9,0,0,0,4.44,19.0,41.0,136.0,6.82,4.28,Y
Miami,ACC,Minnesota,2017,219,7,1,Stacy Coley,Wide Receiver,72.0,195.0,2016,63.0,754.0,9.0,12.0,12,8,4,1,1,0,4.45,10.0,34.0,122.0,,,Y
Virginia Tech,ACC,Miami,2017,237,7,19,Isaiah Ford,Wide Receiver,73.0,194.0,2016,79.0,1094.0,7.0,13.8,13,9,4,1,1,0,4.61,14.0,35.5,127.0,6.94,4.34,Y
Ohio State,Big Ten,Dallas,2017,239,7,21,Noah Brown,Wide Receiver,74.0,222.0,2016,32.0,402.0,7.0,12.6,12,11,1,1,0,1,,19.0,,,7.07,4.33,Y
LSU,SEC,Green Bay,2017,247,7,29,Malachi Dupre,Wide Receiver,75.0,196.0,2016,41.0,593.0,3.0,14.5,11,7,4,1,1,0,4.52,11.0,39.5,135.0,7.19,4.26,Y
Maryland,Big Ten,Carolina,2018,24,1,24,D.J. Moore,Wide Receiver,72.0,210.0,2017,80.0,1033.0,8.0,12.9,12,4,8,0,0,0,4.42,15.0,39.5,132.0,6.95,4.07,Y
Alabama,SEC,Atlanta,2018,26,1,26,Calvin Ridley,Wide Receiver,73.0,189.0,2017,63.0,967.0,5.0,15.3,12,11,1,2,2,0,4.43,15.0,31.0,110.0,6.88,4.41,Y
SMU,American Athletic,Denver,2018,40,2,8,Courtland Sutton,Wide Receiver,75.0,218.0,2017,68.0,1085.0,12.0,16.0,12,7,5,1,0,1,4.54,18.0,35.5,124.0,6.57,4.11,Y
Washington,Pac-12,San Francisco,2018,44,2,12,Dante Pettis,Wide Receiver,73.0,186.0,2017,63.0,761.0,7.0,12.1,12,10,2,1,0,1,,,,,,,Y
Texas A&M,SEC,Arizona,2018,47,2,15,Christian Kirk,Wide Receiver,70.0,201.0,2017,71.0,919.0,10.0,12.9,12,7,5,1,0,1,4.47,20.0,35.5,115.0,7.09,4.45,Y
Memphis,American Athletic,Chicago,2018,51,2,19,Anthony Miller,Wide Receiver,71.0,201.0,2017,96.0,1462.0,18.0,15.2,12,10,2,1,0,1,,22.0,,,,,Y
Oklahoma State,Big 12,Pittsburgh,2018,60,2,28,James Washington,Wide Receiver,71.0,213.0,2017,74.0,1549.0,13.0,20.9,12,9,3,1,1,0,4.54,14.0,34.5,120.0,7.11,4.32,Y
LSU,SEC,Jacksonville,2018,61,2,29,D.J. Chark,Wide Receiver,75.0,199.0,2017,40.0,874.0,3.0,21.9,12,9,3,1,0,1,4.34,16.0,40.0,129.0,,,Y
Colorado State,Mountain West,Dallas,2018,81,3,17,Michael Gallup,Wide Receiver,73.0,205.0,2017,100.0,1413.0,7.0,14.1,12,7,5,1,0,1,4.51,10.0,36.0,122.0,6.95,4.37,Y
UCF,American Athletic,New Orleans,2018,91,3,27,Tre'Quan Smith,Wide Receiver,74.0,210.0,2017,59.0,1171.0,13.0,19.8,12,12,0,1,1,0,,,,,,,N
Texas Tech,Big 12,Houston,2018,103,4,3,Keke Coutee,Wide Receiver,70.0,181.0,2017,93.0,1429.0,10.0,15.4,12,6,6,1,0,1,4.43,14.0,34.5,113.0,6.93,4.15,Y
Penn State,Big Ten,Denver,2018,113,4,13,DaeSean Hamilton,Wide Receiver,73.0,203.0,2017,53.0,857.0,9.0,16.2,12,10,2,1,1,0,,,34.5,118.0,6.84,4.15,Y
New Mexico State,Sun Belt,Baltimore,2018,132,4,32,Jaleel Scott,Wide Receiver,77.0,218.0,2017,76.0,1079.0,9.0,14.2,12,6,6,1,1,0,4.56,16.0,34.5,124.0,7.2,4.4,Y
Missouri,SEC,Green Bay,2018,133,4,33,J'Mon Moore,Wide Receiver,75.0,207.0,2017,65.0,1082.0,10.0,16.6,12,7,5,1,0,1,,,,,,,N
Northern Iowa,MVFC,Indianapolis,2018,159,5,22,Daurice Fountain,Wide Receiver,74.0,209.0,2017,3.0,30.0,0.0,10.0,13,8,5,0,0,0,,,,,,,N
UCLA,Pac-12,Baltimore,2018,162,5,25,Jordan Lasley,Wide Receiver,73.0,203.0,2017,69.0,1264.0,9.0,18.3,12,6,6,1,0,1,4.5,8.0,34.5,112.0,,4.19,Y
South Florida,American Athletic,Green Bay,2018,174,5,37,Marquez Valdes-Scantling,Wide Receiver,76.0,206.0,2017,53.0,879.0,6.0,16.6,11,9,2,1,1,0,4.37,15.0,30.5,124.0,,,Y
Texas A&M,SEC,Cleveland,2018,175,6,1,Damion Ratley,Wide Receiver,74.0,193.0,2017,30.0,694.0,6.0,23.1,12,7,5,1,0,1,,,,,,,N
Clemson,ACC,Indianapolis,2018,185,6,11,Deon Cain,Wide Receiver,74.0,202.0,2017,58.0,734.0,6.0,12.7,13,12,1,1,0,1,4.43,11.0,33.5,115.0,6.71,4.37,Y
Clemson,ACC,Buffalo,2018,187,6,13,Ray-Ray McCloud,Wide Receiver,70.0,190.0,2017,49.0,503.0,1.0,10.3,13,12,1,1,0,1,4.53,13.0,34.5,113.0,,,Y
Texas Tech,Big 12,Los Angeles,2018,191,6,17,Dylan Cantrell,Wide Receiver,75.0,226.0,2017,71.0,816.0,7.0,11.5,12,6,6,1,0,1,4.59,18.0,38.5,130.0,6.56,4.03,Y
LSU,SEC,Atlanta,2018,194,6,20,Russell Gage,Wide Receiver,72.0,183.0,2017,21.0,285.0,3.0,13.6,12,9,3,1,0,1,,,,,,,N
Notre Dame,FBS Independents,Green Bay,2018,207,6,33,Equanimeous St. Brown,Wide Receiver,77.0,214.0,2017,33.0,515.0,4.0,15.6,12,9,3,1,1,0,4.48,20.0,,,,,Y
Boise State,Mountain West,Dallas,2018,208,6,34,Cedrick Wilson,Wide Receiver,74.0,188.0,2017,83.0,1511.0,7.0,18.2,13,10,3,1,1,0,4.55,9.0,37.0,121.0,6.89,4.23,Y
Miami,ACC,New England,2018,210,6,36,Braxton Berrios,Wide Receiver,69.0,184.0,2017,54.0,670.0,9.0,12.4,12,10,2,1,0,1,,11.0,,,,,Y
Georgia,SEC,Chicago,2018,224,7,6,Javon Wims,Wide Receiver,75.0,215.0,2017,46.0,724.0,7.0,15.7,13,12,1,2,1,1,4.53,,33.5,113.0,7.0,,Y
Oklahoma State,Big 12,Las Vegas,2018,228,7,10,Marcell Ateman,Wide Receiver,77.0,216.0,2017,59.0,1156.0,8.0,19.6,12,9,3,1,1,0,4.62,13.0,34.0,121.0,7.07,4.25,Y
Middle Tennessee,Conference USA,San Francisco,2018,240,7,22,Richie James,Wide Receiver,70.0,185.0,2017,31.0,290.0,3.0,9.4,12,6,6,1,1,0,4.48,6.0,35.5,122.0,6.87,4.16,Y
Florida State,ACC,Cincinnati,2018,253,7,35,Auden Tate,Wide Receiver,77.0,228.0,2017,40.0,548.0,10.0,13.7,12,6,6,1,1,0,4.68,,31.0,112.0,,,Y
North Carolina,ACC,Buffalo,2018,255,7,37,Austin Proehl,Wide Receiver,69.0,175.0,2017,21.0,337.0,1.0,16.0,12,3,9,0,0,0,,,,,,,N
SMU,American Athletic,Washington,2018,256,7,38,Trey Quinn,Wide Receiver,71.0,203.0,2017,114.0,1236.0,13.0,10.8,12,7,5,1,0,1,4.55,17.0,33.5,116.0,6.91,4.19,Y
Oklahoma,Big 12,Baltimore,2019,25,1,25,Marquise Brown,Wide Receiver,69.0,166.0,2018,75.0,1318.0,10.0,17.6,13,12,1,1,0,1,,,,,,,Y
Arizona State,Pac-12,New England,2019,32,1,32,N'Keal Harry,Wide Receiver,74.0,228.0,2018,73.0,1088.0,9.0,14.9,12,7,5,1,0,1,4.53,27.0,38.5,122.0,,,Y
South Carolina,SEC,San Francisco,2019,36,2,4,Deebo Samuel,Wide Receiver,71.0,214.0,2018,62.0,882.0,11.0,14.2,12,7,5,1,0,1,4.48,15.0,39.0,122.0,7.03,4.14,Y
Ole Miss,SEC,Tennessee,2019,51,2,19,A.J. Brown,Wide Receiver,73.0,226.0,2018,85.0,1355.0,6.0,15.9,12,5,7,0,0,0,4.49,19.0,36.5,120.0,,,Y
Georgia,SEC,Kansas City,2019,56,2,24,Mecole Hardman,Wide Receiver,70.0,187.0,2018,34.0,532.0,7.0,15.6,13,11,2,1,0,1,4.33,17.0,36.5,119.0,,,Y
Stanford,Pac-12,Philadelphia,2019,57,2,25,JJ Arcega-Whiteside,Wide Receiver,74.0,225.0,2018,62.0,1040.0,14.0,16.8,12,8,4,1,1,0,,,,,,,Y
Ohio State,Big Ten,Indianapolis,2019,59,2,27,Parris Campbell,Wide Receiver,72.0,205.0,2018,88.0,983.0,11.0,11.2,13,12,1,1,1,0,4.31,11.0,40.0,135.0,,4.03,Y
Massachusetts,FBS Independents,Arizona,2019,62,2,30,Andy Isabella,Wide Receiver,69.0,188.0,2018,101.0,1697.0,13.0,16.8,12,4,8,0,0,0,4.31,15.0,36.5,121.0,6.95,4.15,Y
Ole Miss,SEC,Seattle,2019,64,2,32,DK Metcalf,Wide Receiver,75.0,228.0,2018,26.0,569.0,5.0,21.9,12,5,7,0,0,0,4.33,27.0,40.5,134.0,7.38,4.5,Y
Toledo,Mid-American,Pittsburgh,2019,66,3,2,Diontae Johnson,Wide Receiver,71.0,183.0,2018,49.0,761.0,8.0,15.5,12,7,5,1,0,1,4.53,15.0,33.5,123.0,7.09,4.45,Y
Baylor,Big 12,San Francisco,2019,67,3,3,Jalen Hurd,Wide Receiver,77.0,226.0,2018,69.0,946.0,4.0,13.7,12,6,6,1,1,0,,23.0,,,,,Y
Ohio State,Big Ten,Washington,2019,76,3,12,Terry McLaurin,Wide Receiver,72.0,208.0,2018,35.0,701.0,11.0,20.0,13,12,1,1,1,0,4.35,18.0,37.5,125.0,7.01,4.15,Y
Notre Dame,FBS Independents,Baltimore,2019,93,3,29,Miles Boykin,Wide Receiver,76.0,220.0,2018,59.0,872.0,8.0,14.8,12,12,0,1,0,1,4.42,12.0,43.5,140.0,6.77,4.07,Y
Iowa State,Big 12,Arizona,2019,103,4,1,Hakeem Butler,Wide Receiver,77.0,227.0,2018,60.0,1318.0,9.0,22.0,12,8,4,1,0,1,4.48,18.0,36.0,128.0,,,Y
West Virginia,Big 12,Seattle,2019,120,4,18,Gary Jennings Jr.,Wide Receiver,73.0,214.0,2018,54.0,917.0,13.0,17.0,11,8,3,1,0,1,4.42,20.0,37.0,127.0,7.32,4.15,Y
Georgia,SEC,Chicago,2019,126,4,24,Riley Ridley,Wide Receiver,73.0,199.0,2018,44.0,570.0,9.0,13.0,13,11,2,1,0,1,4.58,13.0,30.5,124.0,7.22,4.28,Y
Clemson,ACC,Las Vegas,2019,149,5,11,Hunter Renfrow,Wide Receiver,70.0,184.0,2018,49.0,544.0,1.0,11.1,13,13,0,2,2,0,4.59,7.0,35.0,116.0,6.8,4.19,Y
Auburn,SEC,New York,2019,171,5,33,Darius Slayton,Wide Receiver,73.0,190.0,2018,35.0,670.0,5.0,19.1,12,7,5,1,1,0,4.39,11.0,40.5,135.0,7.0,4.15,Y
Fresno State,Mountain West,Arizona,2019,174,6,1,Keesean Johnson,Wide Receiver,73.0,201.0,2018,95.0,1340.0,8.0,14.1,13,11,2,1,1,0,4.6,14.0,30.0,117.0,7.28,4.23,Y
Old Dominion,Conference USA,Detroit,2019,184,6,11,Travis Fulgham,Wide Receiver,75.0,215.0,2018,63.0,1083.0,9.0,17.2,12,4,8,0,0,0,4.58,15.0,36.5,126.0,,,Y
Colorado,Pac-12,Denver,2019,187,6,14,Juwann Winfree,Wide Receiver,75.0,215.0,2018,28.0,324.0,2.0,11.6,12,5,7,0,0,0,,,,,,,N
UL Monroe,Sun Belt,Atlanta,2019,203,6,30,Marcus Green,Wide Receiver,68.0,190.0,2018,50.0,855.0,8.0,17.1,12,6,6,0,0,0,,,,,,,N
NC State,ACC,Washington,2019,206,6,33,Kelvin Harmon,Wide Receiver,75.0,221.0,2018,74.0,1086.0,6.0,14.7,12,9,3,1,0,1,4.6,18.0,32.5,117.0,7.15,4.32,Y
Bowling Green,Mid-American,Tampa Bay,2019,208,6,35,Scott Miller,Wide Receiver,69.0,174.0,2018,70.0,1106.0,9.0,15.8,12,3,9,0,0,0,,,,,,,N
Hawai'i,Mountain West,Seattle,2019,236,7,22,John Ursua,Wide Receiver,69.0,178.0,2018,89.0,1343.0,16.0,15.1,13,8,5,1,0,1,,,,,,,N
Georgia,SEC,Carolina,2019,237,7,23,Terry Godwin,Wide Receiver,71.0,184.0,2018,22.0,373.0,3.0,17.0,13,11,2,1,0,1,4.55,,36.5,117.0,6.96,,Y
Oregon,Pac-12,Minnesota,2019,239,7,25,Dillon Mitchell,Wide Receiver,73.0,197.0,2018,75.0,1184.0,10.0,15.8,12,8,4,1,1,0,4.46,12.0,36.5,122.0,,4.29,Y
Colorado State,Mountain West,Minnesota,2019,247,7,33,Olabisi Johnson,Wide Receiver,73.0,204.0,2018,54.0,796.0,4.0,14.7,12,3,9,0,0,0,4.51,14.0,38.0,124.0,6.88,4.16,Y
Alabama,SEC,Las Vegas,2020,12,1,12,Henry Ruggs III,Wide Receiver,71.0,188.0,2019,40.0,746.0,7.0,18.7,12,10,2,1,1,0,4.27,,42.0,131.0,,,Y
Alabama,SEC,Denver,2020,15,1,15,Jerry Jeudy,Wide Receiver,73.0,193.0,2019,77.0,1163.0,10.0,15.1,12,10,2,1,1,0,4.45,,35.0,120.0,,4.53,Y
Oklahoma,Big 12,Dallas,2020,17,1,17,CeeDee Lamb,Wide Receiver,74.0,198.0,2019,62.0,1327.0,14.0,21.4,13,12,1,1,0,1,4.5,11.0,34.5,124.0,,,Y
TCU,Big 12,Philadelphia,2020,21,1,21,Jalen Reagor,Wide Receiver,71.0,206.0,2019,43.0,611.0,5.0,14.2,12,5,7,0,0,0,4.47,17.0,42.0,138.0,7.31,4.46,Y
LSU,SEC,Minnesota,2020,22,1,22,Justin Jefferson,Wide Receiver,73.0,202.0,2019,111.0,1540.0,18.0,13.9,13,13,0,2,2,0,4.43,,37.5,126.0,,,Y
Arizona State,Pac-12,San Francisco,2020,25,1,25,Brandon Aiyuk,Wide Receiver,72.0,205.0,2019,65.0,1192.0,8.0,18.3,12,7,5,1,1,0,4.5,11.0,40.0,128.0,,,Y
Clemson,ACC,Cincinnati,2020,33,2,1,Tee Higgins,Wide Receiver,76.0,216.0,2019,59.0,1167.0,13.0,19.8,13,13,0,2,1,1,,,,,,,Y
USC,Pac-12,Indianapolis,2020,34,2,2,Michael Pittman Jr.,Wide Receiver,76.0,223.0,2019,101.0,1275.0,11.0,12.6,12,8,4,1,0,1,4.52,13.0,36.5,121.0,6.96,4.14,Y
Colorado,Pac-12,Jacksonville,2020,42,2,10,Laviska Shenault Jr.,Wide Receiver,73.0,227.0,2019,56.0,764.0,4.0,13.6,12,5,7,0,0,0,4.58,17.0,,,,,Y
Penn State,Big Ten,Denver,2020,46,2,14,KJ Hamler,Wide Receiver,69.0,176.0,2019,56.0,904.0,8.0,16.1,12,10,2,1,1,0,,15.0,,,,,Y
Notre Dame,FBS Independents,Pittsburgh,2020,49,2,17,Chase Claypool,Wide Receiver,76.0,238.0,2019,66.0,1037.0,13.0,15.7,12,10,2,1,1,0,4.42,19.0,40.5,126.0,,,Y
Florida,SEC,Los Angeles,2020,57,2,25,Van Jefferson,Wide Receiver,74.0,200.0,2019,49.0,657.0,6.0,13.4,12,10,2,1,1,0,,,,,,,Y
Baylor,Big 12,New York,2020,59,2,27,Denzel Mims,Wide Receiver,75.0,207.0,2019,66.0,1020.0,12.0,15.5,13,11,2,1,0,1,4.38,16.0,38.5,131.0,6.66,4.43,Y
Memphis,American Athletic,Washington,2020,66,3,2,Antonio Gibson,Wide Receiver,72.0,228.0,2019,38.0,735.0,8.0,19.3,13,12,1,1,0,1,4.39,16.0,35.0,118.0,,,Y
Kentucky,SEC,Las Vegas,2020,80,3,16,Lynn Bowden Jr.,Wide Receiver,71.0,204.0,2019,30.0,348.0,1.0,11.6,12,7,5,1,1,0,,13.0,,,,,Y
South Carolina,SEC,Las Vegas,2020,81,3,17,Bryan Edwards,Wide Receiver,75.0,212.0,2019,71.0,816.0,6.0,11.5,12,4,8,0,0,0,,,,,,,Y
Texas,Big 12,Baltimore,2020,92,3,28,Devin Duvernay,Wide Receiver,71.0,200.0,2019,106.0,1386.0,9.0,13.1,12,7,5,1,1,0,4.39,,35.5,123.0,7.13,4.2,Y
UCF,American Athletic,Buffalo,2020,128,4,22,Gabriel Davis,Wide Receiver,74.0,216.0,2019,72.0,1241.0,12.0,17.2,12,9,3,1,1,0,4.54,14.0,35.0,124.0,7.08,4.59,Y
Liberty,FBS Independents,Washington,2020,142,4,36,Antonio Gandy-Golden,Wide Receiver,76.0,223.0,2019,79.0,1396.0,10.0,17.7,12,7,5,1,1,0,4.6,22.0,36.0,127.0,7.33,4.55,Y
Virginia,ACC,Los Angeles,2020,151,5,5,Joe Reed,Wide Receiver,73.0,224.0,2019,77.0,679.0,7.0,8.8,13,9,4,1,0,1,4.47,21.0,38.0,123.0,,,Y
Minnesota,Big Ten,Tampa Bay,2020,161,5,16,Tyler Johnson,Wide Receiver,73.0,206.0,2019,86.0,1318.0,13.0,15.3,12,10,2,1,1,0,,,,,,,Y
Texas,Big 12,Jacksonville,2020,165,5,20,Collin Johnson,Wide Receiver,78.0,222.0,2019,38.0,559.0,3.0,14.7,12,7,5,1,1,0,,17.0,,,,,Y
Wisconsin,Big Ten,Detroit,2020,166,5,21,Quintez Cephus,Wide Receiver,73.0,202.0,2019,59.0,901.0,7.0,15.3,13,10,3,1,0,1,4.73,23.0,38.5,124.0,7.2,4.33,Y
Boise State,Mountain West,Philadelphia,2020,168,5,23,John Hightower,Wide Receiver,74.0,189.0,2019,51.0,943.0,8.0,18.5,13,12,1,1,0,1,4.43,,38.5,122.0,7.07,4.21,Y
Rhode Island,CAA,Houston,2020,171,5,26,Isaiah Coulter,Wide Receiver,74.0,198.0,2019,11.0,205.0,1.0,18.6,12,2,10,0,0,0,4.45,,36.0,121.0,7.28,4.62,Y
Tulane,American Athletic,Chicago,2020,173,5,28,Darnell Mooney,Wide Receiver,70.0,176.0,2019,48.0,713.0,5.0,14.9,12,6,6,1,1,0,4.38,9.0,37.0,124.0,,,Y
Miami,ACC,Minnesota,2020,176,5,31,K.J. Osborn,Wide Receiver,72.0,203.0,2019,50.0,547.0,5.0,10.9,12,6,6,1,0,1,4.48,18.0,37.5,123.0,7.0,4.35,Y
Michigan,Big Ten,Cleveland,2020,187,6,8,Donovan Peoples-Jones,Wide Receiver,74.0,212.0,2019,34.0,438.0,6.0,12.9,12,9,3,1,0,1,4.48,,44.5,139.0,,,Y
Southern Miss,Conference USA,Philadelphia,2020,200,6,21,Quez Watkins,Wide Receiver,72.0,185.0,2019,64.0,1178.0,6.0,18.4,12,7,5,1,0,1,4.35,,36.5,125.0,7.28,4.36,Y
SMU,American Athletic,Baltimore,2020,201,6,22,James Proche,Wide Receiver,71.0,201.0,2019,111.0,1225.0,15.0,11.0,12,10,2,1,0,1,,20.0,34.5,,7.27,4.4,Y
Oregon State,Pac-12,Buffalo,2020,207,6,28,Isaiah Hodgins,Wide Receiver,76.0,210.0,2019,86.0,1171.0,13.0,13.6,12,5,7,0,0,0,4.61,9.0,36.5,124.0,7.01,4.12,Y
Washington State,Pac-12,Indianapolis,2020,212,6,33,Dezmon Patmon,Wide Receiver,76.0,225.0,2019,58.0,762.0,8.0,13.1,12,6,6,1,0,1,4.48,15.0,36.0,132.0,7.28,4.38,Y
Florida,SEC,Seattle,2020,214,6,36,Freddie Swain,Wide Receiver,72.0,197.0,2019,38.0,517.0,7.0,13.6,12,10,2,1,1,0,4.46,16.0,36.5,124.0,7.05,4.26,Y
Tennessee,SEC,San Francisco,2020,217,7,3,Jauan Jennings,Wide Receiver,75.0,215.0,2019,59.0,969.0,8.0,16.4,12,7,5,1,1,0,4.72,,29.0,119.0,,,Y
Ohio State,Big Ten,Los Angeles,2020,220,7,6,K.J. Hill,Wide Receiver,72.0,196.0,2019,57.0,636.0,10.0,11.2,13,13,0,1,0,1,4.6,17.0,32.5,114.0,,,Y
Navy,American Athletic,Miami,2020,246,7,32,Malcolm Perry,Wide Receiver,69.0,186.0,2019,,,,,12,10,2,1,1,0,4.63,10.0,36.0,122.0,7.12,4.31,Y
Florida,SEC,Denver,2020,252,7,38,Tyrie Cleveland,Wide Receiver,74.0,209.0,2019,25.0,351.0,1.0,14.0,12,10,2,1,1,0,4.46,13.0,39.5,126.0,,,Y
Alabama,SEC,Miami,2021,6,1,6,Jaylen Waddle,Wide Receiver,70.0,180.0,2020,28.0,591.0,4.0,21.1,11,11,0,2,2,0,,,,,,,N
Alabama,SEC,Philadelphia,2021,10,1,10,DeVonta Smith,Wide Receiver,72.0,170.0,2020,117.0,1856.0,23.0,15.9,11,11,0,2,2,0,,,,,,,N
Florida,SEC,New York,2021,20,1,20,Kadarius Toney,Wide Receiver,72.0,193.0,2020,70.0,984.0,10.0,14.1,11,8,3,1,0,1,4.39,9.0,39.5,136.0,6.88,4.25,Y
Minnesota,Big Ten,Baltimore,2021,27,1,27,Rashod Bateman,Wide Receiver,72.0,190.0,2020,36.0,472.0,2.0,13.1,7,3,4,0,0,0,4.39,,36.0,123.0,,,Y
Ole Miss,SEC,New York,2021,34,2,2,Elijah Moore,Wide Receiver,70.0,178.0,2020,86.0,1193.0,8.0,13.9,9,4,5,1,1,0,4.35,17.0,36.0,121.0,6.63,4.07,Y
Purdue,Big Ten,Arizona,2021,49,2,17,Rondale Moore,Wide Receiver,67.0,181.0,2020,35.0,270.0,0.0,7.7,6,2,4,0,0,0,4.28,,42.5,,6.65,4.06,Y
Western Michigan,Mid-American,Seattle,2021,56,2,24,D'Wayne Eskridge,Wide Receiver,69.0,190.0,2020,33.0,768.0,8.0,23.3,6,4,2,0,0,0,4.38,,35.0,124.0,6.93,4.22,Y
Louisville,ACC,Los Angeles,2021,57,2,25,Tutu Atwell,Wide Receiver,69.0,155.0,2020,46.0,625.0,7.0,13.6,11,4,7,0,0,0,4.42,,33.0,117.0,6.89,4.14,Y
LSU,SEC,Carolina,2021,59,2,27,Terrace Marshall Jr.,Wide Receiver,75.0,205.0,2020,48.0,731.0,10.0,15.2,10,5,5,0,0,0,,,,,,,N
Tennessee,SEC,Los Angeles,2021,77,3,14,Josh Palmer,Wide Receiver,73.0,210.0,2020,33.0,475.0,4.0,14.4,10,3,7,0,0,0,,,,,,,N
North Carolina,ACC,Washington,2021,82,3,19,Dyami Brown,Wide Receiver,73.0,189.0,2020,54.0,1084.0,8.0,20.1,11,8,3,1,0,1,4.46,18.0,35.0,128.0,6.87,4.35,Y
Clemson,ACC,Green Bay,2021,85,3,22,Amari Rodgers,Wide Receiver,70.0,212.0,2020,77.0,1020.0,7.0,13.2,11,10,1,1,0,1,4.52,19.0,33.0,121.0,7.07,4.31,Y
Auburn,SEC,Cleveland,2021,91,3,28,Anthony Schwartz,Wide Receiver,72.0,186.0,2020,54.0,652.0,3.0,12.1,10,6,4,1,0,1,4.27,,32.0,123.0,7.13,4.25,Y
Louisville,ACC,Tennessee,2021,109,4,4,Dez Fitzpatrick,Wide Receiver,74.0,208.0,2020,43.0,833.0,3.0,19.4,11,4,7,0,0,0,4.43,,35.0,,7.09,4.26,Y
USC,Pac-12,Detroit,2021,112,4,7,Amon-Ra St. Brown,Wide Receiver,72.0,197.0,2020,41.0,478.0,7.0,11.7,6,5,1,0,0,0,4.51,20.0,38.5,127.0,6.88,4.17,Y
North Texas,Conference USA,Tampa Bay,2021,129,4,24,Jaelon Darden,Wide Receiver,68.0,174.0,2020,74.0,1190.0,19.0,16.1,9,4,5,1,0,1,4.47,,35.5,122.0,6.66,3.98,Y
Oklahoma State,Big 12,Baltimore,2021,131,4,26,Tylan Wallace,Wide Receiver,71.0,194.0,2020,59.0,917.0,6.0,15.5,10,7,3,1,1,0,4.48,11.0,33.0,112.0,6.97,4.25,Y
UCF,American Athletic,Los Angeles,2021,141,4,36,Jacob Harris,Wide Receiver,77.0,211.0,2020,30.0,539.0,8.0,18.0,9,6,3,1,0,1,,,,,,,N
Iowa,Big Ten,Minnesota,2021,157,5,13,Ihmir Smith-Marsette,Wide Receiver,73.0,181.0,2020,25.0,345.0,4.0,13.8,8,6,2,0,0,0,4.43,,37.0,124.0,7.0,4.2,Y
Stanford,Pac-12,Dallas,2021,179,5,35,Simi Fehoko,Wide Receiver,76.0,222.0,2020,37.0,584.0,3.0,15.8,6,4,2,0,0,0,4.44,16.0,34.5,120.0,6.78,4.26,Y
Clemson,ACC,Kansas City,2021,181,5,37,Cornell Powell,Wide Receiver,72.0,204.0,2020,53.0,882.0,7.0,16.6,11,10,1,1,0,1,4.53,16.0,36.5,128.0,7.03,4.21,Y
Arizona State,Pac-12,Atlanta,2021,187,6,3,Frank Darby,Wide Receiver,72.0,201.0,2020,6.0,46.0,1.0,7.7,4,2,2,0,0,0,4.56,19.0,34.5,117.0,7.05,4.25,Y
Houston,American Athletic,Buffalo,2021,203,6,19,Marquez Stevenson,Wide Receiver,70.0,180.0,2020,20.0,307.0,4.0,15.4,7,3,4,1,0,1,4.48,,33.0,122.0,6.76,4.14,Y
South Carolina,SEC,Carolina,2021,204,6,20,Shi Smith,Wide Receiver,70.0,186.0,2020,55.0,621.0,4.0,11.3,10,2,8,0,0,0,,,,,,,N
LSU,SEC,Tennessee,2021,205,6,21,Racey McMath,Wide Receiver,75.0,211.0,2020,14.0,195.0,1.0,13.9,10,5,5,0,0,0,4.36,,34.0,124.0,7.38,4.38,Y
Georgia Tech,ACC,Jacksonville,2021,209,6,25,Jalen Camp,Wide Receiver,74.0,220.0,2020,25.0,392.0,4.0,15.7,10,3,7,0,0,0,,,,,,,N
UCLA,Pac-12,Cleveland,2021,211,6,27,Demetric Felton,Wide Receiver,69.0,189.0,2020,22.0,159.0,3.0,7.2,7,3,4,0,0,0,4.55,,,,,,Y
Auburn,SEC,Denver,2021,219,6,35,Seth Williams,Wide Receiver,75.0,211.0,2020,47.0,744.0,4.0,15.8,10,6,4,1,0,1,4.49,12.0,37.0,124.0,7.2,4.43,Y
North Carolina,ACC,Chicago,2021,221,6,37,Dazz Newsome,Wide Receiver,70.0,190.0,2020,54.0,684.0,6.0,12.7,11,8,3,1,0,1,4.59,12.0,34.0,121.0,7.38,4.38,Y
UCF,American Athletic,New England,2021,242,7,15,Tre Nixon,Wide Receiver,72.0,187.0,2020,18.0,258.0,2.0,14.3,9,6,3,1,0,1,4.44,18.0,35.5,125.0,6.81,4.27,Y
Notre Dame,FBS Independents,Los Angeles,2021,249,7,22,Ben Skowronek,Wide Receiver,75.0,220.0,2020,29.0,439.0,5.0,15.1,11,10,1,1,0,1,,,,,,,N
South Alabama,Sun Belt,New Orleans,2021,255,7,28,Kawaan Baker,Wide Receiver,73.0,215.0,2020,50.0,656.0,8.0,13.1,11,4,7,0,0,0,,,,,,,N
BYU,FBS Independents,Washington,2021,258,7,31,Dax Milne,Wide Receiver,73.0,193.0,2020,70.0,1189.0,8.0,17.0,11,10,1,1,1,0,4.54,14.0,31.0,114.0,,4.19,Y
USC,Pac-12,Atlanta,2022,8,1,8,Drake London,Wide Receiver,76.0,219.0,2021,88.0,1084.0,7.0,12.3,12,4,8,0,0,0,,,,,,,Y
Ohio State,Big Ten,New York,2022,10,1,10,Garrett Wilson,Wide Receiver,72.0,183.0,2021,70.0,1058.0,12.0,15.1,12,10,2,1,1,0,4.38,,36.0,123.0,,4.36,Y
Ohio State,Big Ten,New Orleans,2022,11,1,11,Chris Olave,Wide Receiver,72.0,187.0,2021,65.0,936.0,13.0,14.4,12,10,2,1,1,0,4.39,,32.0,124.0,,,Y
Alabama,SEC,Detroit,2022,12,1,12,Jameson Williams,Wide Receiver,74.0,179.0,2021,79.0,1572.0,15.0,19.9,13,12,1,2,1,1,,,,,,,Y
Penn State,Big Ten,Washington,2022,16,1,16,Jahan Dotson,Wide Receiver,71.0,178.0,2021,91.0,1182.0,12.0,13.0,12,7,5,1,0,1,4.43,,36.0,121.0,7.28,,Y
Arkansas,SEC,Tennessee,2022,18,1,18,Treylon Burks,Wide Receiver,74.0,225.0,2021,66.0,1104.0,11.0,16.7,12,8,4,1,1,0,4.55,,33.0,122.0,7.28,,Y
Kentucky,SEC,New York,2022,43,2,11,Wan'Dale Robinson,Wide Receiver,68.0,178.0,2021,104.0,1334.0,7.0,12.8,12,9,3,1,1,0,4.44,,34.5,118.0,,,Y
Alabama,SEC,Houston,2022,44,2,12,John Metchie III,Wide Receiver,71.0,187.0,2021,96.0,1142.0,8.0,11.9,13,12,1,2,1,1,,,,,,,Y
Baylor,Big 12,New England,2022,50,2,18,Tyquan Thornton,Wide Receiver,74.0,181.0,2021,62.0,948.0,10.0,15.3,13,11,2,1,1,0,4.28,,36.5,130.0,,,Y
Georgia,SEC,Pittsburgh,2022,52,2,20,George Pickens,Wide Receiver,75.0,195.0,2021,5.0,107.0,0.0,21.4,13,12,1,2,2,0,4.47,,33.0,125.0,,,Y
Cincinnati,American Athletic,Indianapolis,2022,53,2,21,Alec Pierce,Wide Receiver,75.0,211.0,2021,52.0,884.0,8.0,17.0,13,13,0,1,0,1,4.41,,40.5,129.0,7.13,4.28,Y
Western Michigan,Mid-American,Kansas City,2022,54,2,22,Skyy Moore,Wide Receiver,70.0,195.0,2021,95.0,1292.0,10.0,13.6,12,7,5,1,1,0,4.41,,34.5,125.0,7.13,4.32,Y
Tennessee,SEC,Chicago,2022,71,3,7,Velus Jones Jr.,Wide Receiver,72.0,204.0,2021,62.0,807.0,7.0,13.0,12,7,5,1,0,1,4.31,,33.0,121.0,,,Y
South Alabama,Sun Belt,Dallas,2022,88,3,24,Jalen Tolbert,Wide Receiver,73.0,194.0,2021,82.0,1474.0,8.0,18.0,12,5,7,0,0,0,4.49,,36.0,123.0,7.08,,Y
Purdue,Big Ten,Cleveland,2022,99,3,35,David Bell,Wide Receiver,73.0,212.0,2021,93.0,1286.0,6.0,13.8,12,8,4,1,1,0,4.65,,33.0,118.0,7.14,4.57,Y
SMU,American Athletic,San Francisco,2022,105,3,41,Danny Gray,Wide Receiver,72.0,186.0,2021,49.0,803.0,9.0,16.4,12,8,4,0,0,0,4.33,,34.0,126.0,,,Y
Texas Tech,Big 12,Miami,2022,125,4,20,Erik Ezukanma,Wide Receiver,74.0,209.0,2021,48.0,705.0,4.0,14.7,12,6,6,1,1,0,,,36.5,126.0,,4.38,Y
Nevada,Mountain West,Green Bay,2022,132,4,27,Romeo Doubs,Wide Receiver,74.0,201.0,2021,80.0,1109.0,11.0,13.9,12,8,4,1,0,1,,,,,,,Y
Memphis,American Athletic,Pittsburgh,2022,138,4,33,Calvin Austin III,Wide Receiver,68.0,170.0,2021,74.0,1149.0,8.0,15.5,12,6,6,0,0,0,4.32,,39.0,135.0,6.65,4.07,Y
Boise State,Mountain West,Buffalo,2022,148,5,5,Khalil Shakir,Wide Receiver,72.0,196.0,2021,77.0,1117.0,7.0,14.5,12,7,5,0,0,0,4.43,,34.5,124.0,7.28,4.21,Y
Samford,Southern,Denver,2022,162,5,19,Montrell Washington,Wide Receiver,70.0,170.0,2021,10.0,124.0,1.0,12.4,11,4,7,0,0,0,,,,,,,N
UCLA,Pac-12,Tennessee,2022,163,5,20,Kyle Philips,Wide Receiver,71.0,189.0,2021,59.0,739.0,10.0,12.5,12,8,4,0,0,0,4.58,,33.5,124.0,,,Y
Michigan State,Big Ten,Minnesota,2022,191,6,12,Jalen Nailor,Wide Receiver,71.0,186.0,2021,37.0,695.0,6.0,18.8,12,10,2,1,1,0,4.5,,38.0,128.0,7.03,4.28,Y
Oklahoma,Big 12,Cleveland,2022,202,6,24,Michael Woods II,Wide Receiver,73.0,198.0,2021,35.0,400.0,2.0,11.4,12,10,2,1,1,0,4.55,,34.5,125.0,,,Y
Rutgers,Big Ten,Seattle,2022,229,7,8,Bo Melton,Wide Receiver,71.0,189.0,2021,55.0,618.0,3.0,11.2,12,5,7,1,0,1,4.34,,38.0,121.0,6.98,,Y
Nebraska,Big Ten,Green Bay,2022,258,7,37,Samori Toure,Wide Receiver,75.0,190.0,2021,46.0,898.0,5.0,19.5,12,3,9,0,0,0,,,,,,,N
Ohio State,Big Ten,Seattle,2023,20,1,20,Jaxon Smith-Njigba,Wide Receiver,73.0,196.0,2022,5.0,43.0,0.0,8.6,12,11,1,1,0,1,,,35.0,125.0,6.57,3.93,Y
TCU,Big 12,Los Angeles,2023,21,1,22,Quentin Johnston,Wide Receiver,75.0,208.0,2022,60.0,1069.0,6.0,17.8,13,12,1,2,1,1,,,40.5,134.0,,,Y
Boston College,ACC,Baltimore,2023,22,1,23,Zay Flowers,Wide Receiver,69.0,182.0,2022,78.0,1077.0,12.0,13.8,12,3,9,0,0,0,4.42,,35.5,127.0,,,Y
USC,Pac-12,Minnesota,2023,23,1,24,Jordan Addison,Wide Receiver,71.0,173.0,2022,59.0,875.0,8.0,14.8,13,11,2,1,0,1,4.49,,34.0,122.0,,,Y
Ole Miss,SEC,Carolina,2023,39,2,8,Jonathan Mingo,Wide Receiver,74.0,220.0,2022,51.0,862.0,5.0,16.9,12,8,4,1,0,1,4.46,22.0,39.5,129.0,,,Y
Michigan State,Big Ten,Green Bay,2023,50,2,19,Jayden Reed,Wide Receiver,71.0,187.0,2022,55.0,636.0,5.0,11.6,12,5,7,0,0,0,4.45,,33.5,121.0,,4.29,Y
SMU,American Athletic,Kansas City,2023,55,2,24,Rashee Rice,Wide Receiver,73.0,204.0,2022,96.0,1355.0,10.0,14.1,12,7,5,1,0,1,4.51,,41.0,128.0,,,Y
Oklahoma,Big 12,Denver,2023,63,2,32,Marvin Mims,Wide Receiver,71.0,183.0,2022,54.0,1083.0,6.0,20.1,12,6,6,1,0,1,4.38,,39.5,129.0,6.9,,Y
Houston,American Athletic,Houston,2023,69,3,6,Nathaniel Dell,Wide Receiver,68.0,165.0,2022,109.0,1398.0,17.0,12.8,12,7,5,1,1,0,4.49,,,121.0,,,Y
Tennessee,SEC,New York,2023,73,3,10,Jalin Hyatt,Wide Receiver,72.0,176.0,2022,67.0,1267.0,15.0,18.9,12,10,2,1,1,0,4.4,,40.0,135.0,,,Y
Tennessee,SEC,Cleveland,2023,74,3,11,Cedric Tillman,Wide Receiver,75.0,213.0,2022,37.0,417.0,3.0,11.3,12,10,2,1,1,0,4.54,,37.0,128.0,,,Y
North Carolina,ACC,Indianapolis,2023,79,3,16,Josh Downs,Wide Receiver,69.0,171.0,2022,94.0,1029.0,11.0,10.9,13,9,4,1,0,1,4.48,,38.5,131.0,,,Y
Stanford,Pac-12,Arizona,2023,94,3,31,Michael Wilson,Wide Receiver,74.0,213.0,2022,26.0,418.0,4.0,16.1,12,3,9,0,0,0,4.58,23.0,37.5,125.0,,4.27,Y
Cincinnati,American Athletic,Las Vegas,2023,100,3,37,Tre Tucker,Wide Receiver,69.0,182.0,2022,52.0,672.0,3.0,12.9,12,9,3,1,0,1,4.4,,37.5,124.0,,,Y
TCU,Big 12,Los Angeles,2023,125,4,23,Derius Davis,Wide Receiver,68.0,165.0,2022,42.0,531.0,5.0,12.6,13,12,1,2,1,1,4.36,,,,,4.38,Y
Purdue,Big Ten,Cincinnati,2023,131,4,29,Charlie Jones,Wide Receiver,71.0,175.0,2022,110.0,1361.0,12.0,12.4,13,8,5,1,0,1,4.43,13.0,36.5,124.0,,,Y
Cincinnati,American Athletic,Chicago,2023,133,4,31,Tyler Scott,Wide Receiver,70.0,177.0,2022,55.0,899.0,9.0,16.3,12,9,3,1,0,1,4.44,,39.5,133.0,,,Y
Florida,SEC,Buffalo,2023,150,5,16,Justin Shorter,Wide Receiver,76.0,229.0,2022,29.0,577.0,2.0,19.9,12,6,6,1,0,1,4.55,18.0,35.5,126.0,,,Y
Virginia,ACC,Green Bay,2023,159,5,25,Dontayvion Wicks,Wide Receiver,73.0,206.0,2022,30.0,430.0,2.0,14.3,10,3,7,0,0,0,4.62,,39.0,130.0,,,Y
BYU,FBS Independents,Los Angeles,2023,177,5,43,Puka Nacua,Wide Receiver,74.0,201.0,2022,48.0,625.0,5.0,13.0,12,7,5,1,1,0,,,,,,,Y
Penn State,Big Ten,Jacksonville,2023,185,6,8,Parker Washington,Wide Receiver,70.0,204.0,2022,46.0,611.0,2.0,13.3,12,10,2,1,1,0,,16.0,,,,,Y
LSU,SEC,New England,2023,187,6,10,Kayshon Boutte,Wide Receiver,71.0,195.0,2022,48.0,538.0,2.0,11.2,13,9,4,1,1,0,4.5,,29.0,118.0,,4.25,Y
Nebraska,Big Ten,Tampa Bay,2023,191,6,14,Trey Palmer,Wide Receiver,72.0,192.0,2022,71.0,1043.0,9.0,14.7,12,4,8,0,0,0,4.33,,,,,,Y
Wake Forest,ACC,New Orleans,2023,195,6,18,A.T. Perry,Wide Receiver,76.0,198.0,2022,81.0,1096.0,11.0,13.5,12,7,5,1,1,0,4.47,,35.0,133.0,,,Y
Stanford,Pac-12,Miami,2023,197,6,20,Elijah Higgins,Wide Receiver,75.0,235.0,2022,59.0,704.0,2.0,11.9,12,3,9,0,0,0,4.54,,35.0,126.0,7.01,,Y
Iowa State,Big 12,Houston,2023,205,6,28,Xavier Hutchinson,Wide Receiver,74.0,203.0,2022,107.0,1171.0,6.0,10.9,12,4,8,0,0,0,4.53,,36.0,116.0,6.91,4.35,Y
Princeton,Ivy,Cincinnati,2023,206,6,29,Andrei Iosivas,Wide Receiver,75.0,205.0,2022,66.0,943.0,7.0,14.3,10,8,2,0,0,0,,,,,,,N
Liberty,FBS Independents,New England,2023,210,6,33,Demario Douglas,Wide Receiver,68.0,179.0,2022,78.0,993.0,6.0,12.7,12,8,4,1,0,1,,,,,,,N
North Carolina,ACC,Detroit,2023,219,7,2,Antoine Green,Wide Receiver,74.0,199.0,2022,43.0,798.0,7.0,18.6,13,9,4,1,0,1,4.47,,33.5,123.0,6.99,4.27,Y
UT Martin,OVC,Tennessee,2023,228,7,11,Colton Dowell,Wide Receiver,,,2022,67.0,1032.0,6.0,15.4,11,7,4,0,0,0,,,,,,,N
South Carolina,SEC,Dallas,2023,244,7,27,Jalen Brooks,Wide Receiver,74.0,205.0,2022,33.0,504.0,1.0,15.3,12,8,4,1,0,1,4.69,,35.0,130.0,7.15,4.31,Y
Michigan,Big Ten,San Francisco,2023,253,7,36,Ronnie Bell,Wide Receiver,72.0,191.0,2022,62.0,889.0,4.0,14.3,13,13,0,1,0,1,4.54,14.0,38.5,120.0,6.98,4.15,Y
Charlotte,Conference USA,Green Bay,2023,256,7,39,Grant DuBose,Wide Receiver,74.0,201.0,2022,64.0,792.0,9.0,12.4,12,3,9,0,0,0,,,,,,,N
Ohio State,Big Ten,Arizona,2024,4,1,4,Marvin Harrison Jr.,Wide Receiver,75.0,209.0,2023,67.0,1211.0,14.0,18.1,12,11,1,1,0,1,,,,,,,Y
LSU,SEC,New York,2024,6,1,6,Malik Nabers,Wide Receiver,72.0,199.0,2023,89.0,1569.0,14.0,17.6,12,9,3,1,1,0,,,,,,,Y
Washington,Pac-12,Chicago,2024,9,1,9,Rome Odunze,Wide Receiver,75.0,212.0,2023,92.0,1640.0,13.0,17.8,13,13,0,2,1,1,4.45,,39.0,124.0,6.88,4.03,Y
LSU,SEC,Jacksonville,2024,23,1,23,Brian Thomas Jr.,Wide Receiver,75.0,209.0,2023,68.0,1177.0,17.0,17.3,12,9,3,1,1,0,4.33,11.0,38.5,126.0,,,Y
Texas,Big 12,Kansas City,2024,28,1,28,Xavier Worthy,Wide Receiver,71.0,165.0,2023,75.0,1014.0,5.0,13.5,13,12,1,1,0,1,4.21,,41.0,131.0,,,Y
Florida,SEC,San Francisco,2024,31,1,31,Ricky Pearsall,Wide Receiver,73.0,189.0,2023,64.0,970.0,4.0,15.2,12,5,7,0,0,0,4.41,17.0,42.0,129.0,6.64,4.05,Y
South Carolina,SEC,Carolina,2024,32,1,32,Xavier Legette,Wide Receiver,73.0,221.0,2023,71.0,1255.0,7.0,17.7,12,5,7,0,0,0,4.39,,40.0,126.0,,,Y
Florida State,ACC,Buffalo,2024,33,2,1,Keon Coleman,Wide Receiver,75.0,213.0,2023,50.0,658.0,11.0,13.2,13,13,0,1,0,1,4.61,,38.0,127.0,,,Y
Georgia,SEC,Los Angeles,2024,34,2,2,Ladd McConkey,Wide Receiver,72.0,186.0,2023,30.0,478.0,2.0,15.9,13,12,1,1,1,0,4.39,13.0,36.0,124.0,,,Y
Washington,Pac-12,New England,2024,37,2,5,Ja'Lynn Polk,Wide Receiver,73.0,203.0,2023,69.0,1159.0,9.0,16.8,13,13,0,2,1,1,4.52,,37.5,129.0,,,Y
Texas,Big 12,Indianapolis,2024,52,2,20,Adonai Mitchell,Wide Receiver,74.0,205.0,2023,55.0,845.0,11.0,15.4,13,12,1,1,0,1,4.34,,39.5,136.0,,,Y
Western Kentucky,Conference USA,New York,2024,65,3,1,Malachi Corley,Wide Receiver,71.0,207.0,2023,79.0,984.0,11.0,12.5,12,7,5,1,1,0,,,,,,,Y
Alabama,SEC,Cincinnati,2024,80,3,16,Jermaine Burton,Wide Receiver,72.0,196.0,2023,39.0,798.0,8.0,20.5,13,12,1,1,0,1,4.45,,38.5,133.0,,,Y
Michigan,Big Ten,Pittsburgh,2024,84,3,20,Roman Wilson,Wide Receiver,71.0,185.0,2023,48.0,789.0,12.0,16.4,13,13,0,2,2,0,4.39,12.0,,,,,Y
Washington,Pac-12,Tampa Bay,2024,92,3,29,Jalen McMillan,Wide Receiver,73.0,197.0,2023,45.0,559.0,5.0,12.4,13,13,0,2,1,1,4.47,,37.0,127.0,6.94,4.18,Y
Rice,American Athletic,Washington,2024,100,3,37,Luke McCaffrey,Wide Receiver,74.0,198.0,2023,71.0,992.0,13.0,14.0,12,6,6,1,0,1,4.46,,36.0,121.0,6.7,4.02,Y
Oregon,Pac-12,Denver,2024,102,4,2,Troy Franklin,Wide Receiver,74.0,176.0,2023,81.0,1383.0,14.0,17.1,13,11,2,1,1,0,4.41,,39.0,124.0,6.9,4.31,Y
UCF,Big 12,New England,2024,110,4,10,Javon Baker,Wide Receiver,73.0,202.0,2023,52.0,1139.0,7.0,21.9,12,6,6,1,0,1,4.54,,37.0,121.0,,,Y
North Carolina,ACC,Baltimore,2024,113,4,13,Devontez Walker,Wide Receiver,74.0,193.0,2023,41.0,699.0,7.0,17.0,12,8,4,1,0,1,4.36,,40.5,134.0,,,Y
Arizona,Pac-12,San Francisco,2024,135,4,35,Jacob Cowing,Wide Receiver,68.0,168.0,2023,89.0,839.0,13.0,9.4,12,9,3,1,1,0,4.38,,36.0,119.0,7.02,4.32,Y
Oregon State,Pac-12,Indianapolis,2024,142,5,7,Anthony Gould,Wide Receiver,68.0,174.0,2023,44.0,718.0,2.0,16.3,12,8,4,1,0,1,4.39,,39.5,129.0,,4.16,Y
Texas A&M,SEC,Philadelphia,2024,152,5,17,Ainias Smith,Wide Receiver,70.0,200.0,2023,53.0,795.0,2.0,15.0,12,7,5,1,0,1,,21.0,,,,,Y
Louisville,ACC,Cleveland,2024,156,5,21,Jamari Thrash,Wide Receiver,72.0,188.0,2023,63.0,858.0,6.0,13.6,13,10,3,1,0,1,4.46,,34.0,120.0,7.16,,Y
Pittsburgh,ACC,New Orleans,2024,170,5,35,Bub Means,Wide Receiver,73.0,212.0,2023,41.0,721.0,6.0,17.6,12,3,9,0,0,0,4.43,19.0,39.5,122.0,,,Y
Tulane,American Athletic,Tennessee,2024,182,6,6,Jha'Quan Jackson,Wide Receiver,69.0,188.0,2023,26.0,439.0,4.0,16.9,13,11,2,1,0,1,4.42,12.0,32.0,118.0,,,Y
Virginia,ACC,Miami,2024,184,6,8,Malik Washington,Wide Receiver,69.0,191.0,2023,110.0,1426.0,9.0,13.0,12,3,9,0,0,0,4.47,19.0,42.5,126.0,,,Y
Florida State,ACC,Philadelphia,2024,185,6,9,Johnny Wilson,Wide Receiver,78.0,231.0,2023,41.0,617.0,2.0,15.0,13,13,0,1,0,1,4.52,,37.0,128.0,,4.11,Y
Illinois,Big Ten,Atlanta,2024,187,6,11,Casey Washington,Wide Receiver,74.0,200.0,2023,49.0,670.0,4.0,13.7,12,5,7,0,0,0,,,,,,,N
UAB,American Athletic,Arizona,2024,191,6,15,Tejhaun Palmer,Wide Receiver,74.0,210.0,2023,47.0,858.0,7.0,18.3,12,4,8,0,0,0,,,,,,,N
Texas,Big 12,Los Angeles,2024,213,6,37,Jordan Whittington,Wide Receiver,73.0,205.0,2023,42.0,505.0,1.0,12.0,13,12,1,1,0,1,,18.0,,,,,Y
Southeast Missouri State,Big South-OVC,Dallas,2024,216,6,40,Ryan Flournoy,Wide Receiver,73.0,202.0,2023,57.0,839.0,6.0,14.7,11,4,7,0,0,0,,,,,,,N
USC,Pac-12,Los Angeles,2024,225,7,5,Brenden Rice,Wide Receiver,74.0,208.0,2023,45.0,791.0,12.0,17.6,12,7,5,1,1,0,4.5,13.0,36.5,119.0,,,Y
Utah,Pac-12,Denver,2024,235,7,15,Devaughn Vele,Wide Receiver,76.0,203.0,2023,43.0,593.0,3.0,13.8,12,8,4,1,0,1,4.47,,36.0,126.0,,,Y
USC,Pac-12,Miami,2024,241,7,21,Tahj Washington,Wide Receiver,70.0,174.0,2023,59.0,1062.0,8.0,18.0,12,7,5,1,1,0,,,,,,,N
Michigan,Big Ten,Los Angeles,2024,253,7,33,Cornelius Johnson,Wide Receiver,75.0,212.0,2023,47.0,604.0,1.0,12.9,13,13,0,2,2,0,4.44,,37.5,127.0,,,Y
